uid,BuildRoomMgr-AddRoom,LBS-加声望,LBS-开始BOSS战,REDIS-比赛局数<=3,RPC-加入新手自由模式,RPC-匹配模式,RPC-团队生存模式,RPC-大球匹配模式,RPC-新手大球匹配模式,RPC-新手自由匹配模式,RPC-机器人匹配模式,RPC-自由匹配模式,RPC-闪电战模式,Redis-responseError,SHOW-增加经验,Show-增加最炫次数,geo-玩家删除位置信息,geo-玩家更改位置,lbs-生成个人特供怪,lbs-速度限制切换后台,redis-验证失败,redis-验证码错误,七日签到-补签-货币数量不足,上报-统计数据,上线-已在线,下线-房主下线,下线-队长下线,任务-增加进度,信息-本地安装信息,充值-发起订单,充值-未注册用户,关系-id错误,关系-添加关注,分享-只能通过找回获取,分享-已绑定创建小号,分享-模拟器用户,分享-登录-放在挂起列表,分享-设置模拟器标识,匹配-加入队伍,匹配-开始游戏,匹配-新建房间,卡顿-执行时间,发现-低热门推荐发现玩家,发现-标签推荐发现玩家,发现-热门推荐发现玩家,发现-玩家位置有误,发现-用户设置不让别人发现,发现-相同兴趣发现玩家,发现-附近发现玩家,听众-增加听众,商店-删除材料道具时间,商店-加经验,商店-已领取完成,商店-开CD宝箱,商店-开钻石宝箱,喜欢-免费,喜欢-统计,团战生存-开始匹配,团战生存-断线重连,团队生存-匹配加入队伍,团队生存-匹配发送同步信息,团队生存-匹配开始游戏,团队生存-匹配新建房间,团队生存-已在其它队伍,团队生存-收到同步信息,团队生存-未找到匹配房间,团队生存-模式错误,团队生存-重新加载数据,团队生存-队伍已解散,大奖赛-生成邀请码,大球匹配-加入匹配房间,大球匹配-匹配,大球匹配-匹配开始游戏,大球匹配-匹配等待中,大球匹配-开始匹配,大球匹配-开始比赛,大球模式-断线重连,宝箱-开启成功,宝箱-添加成功,宝箱-清CD成功,宝箱-获取宝箱失败或不在cd中,宝箱-领取失败,宝箱-领取成功,实名-提交认证,巅峰团战-不是团战或者类型不一致,幸运轮盘-购买成功,序列-不计算,序列-获取,序列-设置,建议-用户提交建议,强制关注-关注间隔时间未到,强制关注-没有获取到附近的玩家,强制关注-获取附近的人失败,强制关注-频率限制,微信签到通知-回调成功,房间-加入游戏,房间-开始游戏,手速大比拼-单机手速开始,手速大比拼-单机手速结算,手速大比拼-开始比赛,手速大比拼-获取手速信息,手速大比拼-设置手速分数,技巧训练-单机技巧结算,技巧训练-技巧赛季结算,摇一摇-打开摇一摇,改名-修改成功,改名-玩家修改用户名,改密码-通过手机找回密码成功,数值-增加,数值-增加送礼积分,数值-扣除,数据-强制关注列表,数据-添加关注,数据预警-解析日志失败,新手分流-加入参数检查,新手匹配-设置新手匹配状态,新手大球-新手大球匹配档位,新手大球匹配-加入匹配房间,新手大球匹配-匹配,新手大球匹配-匹配等待中,新手大球匹配-开始匹配,新手自由-小号加入大号不处理,新手自由-新手自由匹配档位,新手自由匹配-加入匹配房间,新手自由匹配-匹配,新手自由匹配-匹配开始游戏,新手自由匹配-匹配等待中,新手自由匹配-开始匹配,新手自由匹配-开始比赛,新手自由匹配-断线重连,新手自由匹配-新建房间,新手自由匹配-未找到匹配房间,新手自由匹配-重新加载数据,新手自由匹配模式-更新段位数据,新手自由匹配模式-检查分流情况,服务-未找到玩家,服务-未找到玩家所在服务器,查看-棒棒糖,梦幻挑战-抽卡产出,段位-升级,注册-创建球球号,注销-下线,注销-玩家下线,注销-玩家被别的进程T出去,活动-十连抽,活动-累计充值时间结束,活动-累计充值配置错误,游戏-断线重连,游戏-队长才能点开始游戏,特惠礼包-取消锁定,特惠礼包-生成订单,玩家-连接超时,留言-留言成功,留言-留言没连网关,登录-QQID登录验证成功,登录-上线,登录-初始化成功,登录-发现重复登录,登录-找不到注册设备号,登录-指令回放,登录-收到初始化,登录-收到登录请求,登录-登录验证成功,登录-绑定服务器,登录-认证通过,登录-验证session失败,短信-发送验证码成功,短信-重设密码成功,碎片商店-道具不足,礼物-获得礼物,离线同步-上线同步,签到-签到成功,系统通知-上线同步,系统通知-发送成功,系统通知-离线记录,组队-不在邀请列表中,组队-不是队长,组队-创建队伍,组队-发送同步信息,组队-已在其它人队伍中,组队-开始匹配,组队-开始游戏,组队-收到同步信息,经验-增加,绑定-绑定成功,绑定-绑定手机成功,结算-Boss模式,结算-bigball,结算-勇者积分,结算-团队生存,结算-团队生存个人结算,结算-团队生存勋章,结算-新手大球模式,结算-更新能力值,结算-组队统计,结算-结算成功,结算-结算无效,结算-结算生存成功,结算-自由/组队,聊天-创建聊天群组,聊天-加入聊天群组,聊天-发送频率过快,聊天-离开群组中没找到该玩家,聊天-离开聊天群组,聊天-私聊,聊天-私聊权限不是互关好友无法聊天,聊天-获取查找不到该群组信息,聊天-获取群组中没找到该玩家,自由匹配-加入匹配房间,自由匹配-匹配,自由匹配-匹配开始游戏,自由匹配-匹配等待中,自由匹配-外挂断线重连,自由匹配-开始匹配,自由匹配-开始比赛,自由匹配-收到同步信息,自由匹配-新建房间,自由匹配-获取数据,自由匹配-重新加载数据,观战-创建新的观战房间,观战-观战结束没连网关,解锁技巧-触发条件解锁,认证-添加成功,设备-添加本地设备,购买-数值不足,赛事-增加经验,赛事-打call券不足,赛事-打call失败,转发-未找到玩家,转发-获取玩家所在网关失败,转发-转发通知成功,送礼-初始化充值蘑菇,送礼-获取有价值人气值,通用自由匹配-收到重新载入信息,通讯录-邀请过期,道具-删除成功,道具-加载皮肤,道具-批量添加,道具-添加成功,道具-激活成功,道具-购买成功,门票-购买成功,防沉迷-通知,附近的人-玩家位置有误,雷达-玩家没有上传位置信息不能使用雷达,雷达-用户打开雷达,飞船-加经验,黑卡-设置活跃玩家
1126555314,0,1,1,0,0,4,2,0,0,2,0,0,0,60,1,0,0,0,0,1,0,0,0,115,0,0,2,24,2,0,0,0,3,0,0,0,0,6,4,0,0,0,0,0,0,0,0,0,0,0,0,2,0,4,0,2,2,0,0,2,2,0,0,0,2,0,0,1,1,0,0,0,0,0,0,0,0,5,5,2,2,0,4,0,3,1,0,0,0,0,8,0,3,0,0,0,0,0,0,0,3,0,1,0,1,0,0,0,22,0,5,0,3,0,0,1,0,0,0,0,0,0,2,2,2,0,2,2,0,0,0,0,0,2,15,0,0,0,2,0,1,9,19,0,0,0,121,0,0,0,0,1,0,0,0,10,120,0,0,0,0,4,2,20,20,0,0,0,0,0,17,1,0,0,0,1,0,9,6,4,3,1,4,5,0,0,1,0,0,2,2,0,0,3,3,4,1,0,3,5,0,0,0,1,0,0,0,1,0,0,0,0,0,0,0,0,0,0,0,0,0,2,0,1,0,4,0,0,2,0,0,1,0,0,0,3,10,30,27,1,1,0,1,0,1,1,2,5
1126563335,0,0,0,0,0,0,0,0,0,2,0,0,0,20,0,1,0,0,0,0,0,0,0,41,0,0,0,17,1,0,0,0,0,0,1,0,0,5,0,0,0,0,0,0,0,0,0,0,0,0,0,1,0,1,0,0,0,0,0,0,0,0,0,0,0,0,0,0,0,0,0,0,0,0,0,0,0,1,2,1,0,0,1,0,0,0,0,0,0,0,7,0,1,0,0,0,0,0,0,0,0,0,0,3,0,0,0,0,14,0,3,0,0,0,0,1,0,0,0,0,0,0,2,0,1,1,0,2,1,0,1,0,0,1,16,0,0,0,0,0,1,2,4,0,1,0,67,0,0,0,0,0,0,0,0,2,66,0,0,0,0,2,0,4,4,0,0,0,0,0,4,0,0,0,0,0,0,0,0,0,0,1,0,2,0,0,0,0,0,0,0,0,0,0,0,2,0,0,0,0,0,0,0,0,0,0,0,0,0,0,0,0,0,0,0,0,0,0,0,0,0,0,0,1,0,2,0,0,0,0,0,1,0,0,0,0,2,13,9,0,0,0,0,0,0,0,0,1
1126575431,0,0,0,0,0,0,0,0,0,1,0,0,0,0,0,0,0,0,0,0,0,0,0,0,0,0,0,7,2,0,0,0,0,0,0,0,1,12,0,0,0,0,0,0,0,0,0,0,0,0,0,0,0,0,0,0,0,0,0,0,0,0,0,0,0,0,0,0,0,0,0,0,0,0,0,0,0,0,0,0,0,0,0,0,0,0,0,0,0,0,0,0,0,0,0,0,0,0,0,0,3,0,0,0,0,0,0,0,0,0,0,0,0,0,0,1,0,0,0,0,0,0,1,1,0,0,1,1,0,0,0,0,0,0,6,0,0,0,0,0,1,4,21,0,0,0,137,0,0,0,0,0,0,0,0,4,137,0,0,1,0,5,0,21,21,46,0,0,0,0,20,0,0,0,0,0,0,0,0,0,0,0,0,0,0,0,0,0,0,0,0,0,0,0,0,0,0,0,0,0,0,0,0,0,0,0,0,0,0,0,0,0,0,0,0,0,0,0,0,0,0,0,0,1,0,0,0,0,1,1,0,1,0,0,0,0,0,0,0,0,0,0,0,0,0,0,0,0
1126577879,0,0,0,0,0,0,0,0,2,0,0,0,0,10,0,0,0,0,0,0,0,0,0,19,0,0,0,14,0,0,0,0,1,1,0,0,0,2,0,0,0,0,0,0,0,0,0,0,0,0,0,0,0,0,0,1,1,0,0,0,0,0,0,0,0,0,0,0,0,0,0,0,0,0,0,0,0,0,1,0,0,0,0,0,0,0,0,0,0,0,0,0,1,0,0,0,0,0,0,0,0,0,0,4,0,0,0,0,1,0,0,0,1,0,0,1,2,2,2,2,2,0,0,0,0,0,0,0,0,0,0,0,0,1,6,0,0,0,0,0,1,3,3,0,0,0,106,0,0,0,0,1,0,0,0,3,106,0,0,0,0,3,0,4,4,0,0,0,0,0,4,0,0,0,0,0,0,0,0,0,0,0,0,2,0,0,0,0,0,0,0,0,2,0,0,1,1,0,0,0,0,0,0,0,0,0,0,0,0,0,0,0,0,0,0,0,0,0,0,0,0,0,0,1,0,0,0,0,0,0,0,1,0,0,0,0,2,1,1,0,0,0,0,0,0,0,0,1
1126607136,0,0,0,0,0,0,0,3,0,3,0,0,0,27,0,2,0,0,0,0,0,0,0,54,0,0,0,20,1,0,0,0,0,0,0,0,0,2,0,0,0,0,0,0,0,0,0,0,0,0,0,1,0,1,0,0,0,0,0,0,0,0,0,0,0,0,0,0,0,1,1,3,2,1,3,2,1,2,3,0,0,0,1,0,0,0,0,0,0,0,7,0,1,0,0,0,0,12,8,12,14,8,0,0,0,0,0,0,9,0,0,0,0,0,0,1,0,0,0,0,0,0,3,0,1,1,0,3,1,0,2,0,0,1,23,0,0,0,0,0,1,6,6,0,1,0,53,0,0,0,0,0,0,0,0,6,53,0,0,0,0,3,0,6,6,0,0,0,0,0,6,0,0,0,0,0,0,0,0,0,0,3,0,3,0,0,0,2,0,0,0,0,0,0,0,2,1,0,0,0,0,0,0,0,0,0,0,0,0,0,0,0,0,0,0,0,0,0,0,0,0,0,0,1,0,0,0,0,0,0,0,1,0,0,0,0,6,6,3,0,0,0,0,0,0,0,0,3
1126608855,0,0,0,1,0,4,0,0,0,0,2,0,0,27,0,0,0,0,0,0,0,0,0,73,2,0,0,23,3,0,0,0,0,0,1,0,0,5,2,0,2,0,0,0,0,0,0,0,0,0,0,0,0,0,0,0,0,0,0,0,0,0,0,0,0,0,0,0,0,0,0,0,0,0,0,0,0,1,3,0,0,0,0,0,6,0,1,2,1,0,3,0,1,0,0,0,0,0,0,0,1,0,0,0,0,0,0,0,5,0,0,0,0,0,0,1,0,0,0,0,0,0,0,0,0,0,0,0,0,0,0,0,0,2,4,0,0,0,0,0,1,3,11,0,0,0,68,0,0,0,0,0,0,0,0,3,68,2,0,0,0,2,0,13,13,0,0,0,0,0,8,0,0,0,0,1,0,5,9,0,4,2,7,6,0,0,0,0,0,0,0,0,0,4,4,5,1,0,6,0,2,0,0,2,0,0,3,1,2,2,0,2,0,2,0,2,0,2,0,0,0,2,0,1,0,0,0,0,0,0,0,1,0,0,0,0,11,1,1,0,0,0,0,0,0,0,0,5
1126614458,0,0,0,0,0,2,2,0,0,0,0,1,0,20,0,0,0,0,0,0,0,0,1,51,0,0,0,25,2,0,0,0,0,0,0,0,0,4,1,0,1,0,0,0,0,0,0,0,0,0,0,0,0,0,0,1,2,2,1,2,2,0,0,0,2,0,0,0,0,0,0,0,0,0,0,0,0,1,2,0,0,0,0,0,3,0,1,0,0,0,13,0,2,0,0,0,0,0,0,0,0,0,0,0,0,0,0,0,8,0,1,0,0,0,0,1,0,0,0,0,0,0,0,0,0,0,0,0,0,0,0,0,0,2,2,0,0,0,0,2,1,6,9,0,1,0,54,0,0,0,0,0,0,0,0,6,54,0,0,0,0,1,0,9,9,0,0,0,0,0,7,1,0,0,0,0,0,1,1,0,1,1,0,3,0,0,0,0,0,2,2,0,0,2,2,3,2,0,3,1,0,0,0,0,0,0,0,0,1,1,0,1,0,1,0,1,0,1,0,0,0,2,0,1,0,0,0,0,0,11,0,1,0,0,0,0,7,10,7,1,0,0,0,0,0,0,0,4
1126616488,0,0,4,0,0,9,5,1,0,0,0,1,1,90,1,0,0,0,1,0,0,0,1,165,0,0,0,26,2,0,0,2,11,0,0,0,0,9,9,0,0,0,0,0,0,0,0,0,0,0,1,2,0,4,0,1,1,4,0,5,4,0,0,1,4,0,0,0,0,1,1,1,0,1,1,0,0,5,8,0,0,0,4,0,10,0,0,0,0,0,9,0,2,0,0,0,0,1,1,1,4,1,10,0,0,0,0,0,37,0,3,0,11,5,0,1,0,0,0,0,0,0,0,0,0,0,0,0,0,0,0,0,0,3,2,0,0,0,4,0,1,14,14,0,1,0,56,0,0,0,0,0,0,0,0,14,56,0,0,0,0,5,4,14,14,0,0,0,0,0,14,1,0,0,0,0,0,8,12,4,6,1,8,7,0,0,0,1,1,5,5,1,0,9,6,7,3,1,10,3,2,0,0,3,2,0,1,1,1,1,0,1,0,1,0,1,0,1,0,0,0,5,0,1,0,5,0,0,0,32,1,1,0,0,0,5,19,38,25,2,2,1,2,0,0,0,2,10
1126617102,0,0,0,0,0,0,0,0,0,1,0,0,0,5,0,0,0,0,0,0,0,0,0,16,0,0,0,13,1,0,0,0,0,0,0,0,0,1,0,0,0,0,0,0,0,0,0,0,0,0,0,0,0,0,0,0,0,0,0,0,0,0,0,0,0,0,0,0,0,0,0,0,0,0,0,0,0,1,1,0,0,0,0,0,0,0,0,0,0,0,0,0,1,0,0,0,0,0,0,0,2,0,0,0,0,0,0,0,5,0,0,0,0,0,0,1,0,0,0,0,0,0,1,1,1,0,1,1,0,0,0,0,0,1,4,0,0,0,0,0,1,1,2,0,1,0,222,0,0,0,0,0,0,0,0,1,222,0,0,0,0,1,0,2,2,0,0,0,0,0,2,0,0,0,0,0,0,0,0,0,0,0,0,1,0,0,0,0,0,0,0,0,0,0,0,1,0,0,0,0,0,0,0,0,0,0,0,0,0,0,0,0,0,0,0,0,0,0,0,0,0,0,0,1,0,0,0,0,0,0,0,1,0,0,0,0,1,4,2,0,0,0,0,0,0,0,0,1
1126618165,0,0,0,0,0,0,0,0,0,0,1,0,0,4,0,0,0,0,0,0,0,0,0,13,0,0,0,13,1,0,0,0,1,0,0,0,0,1,0,0,0,0,0,0,0,0,0,0,0,0,0,0,0,0,0,0,0,0,0,0,0,0,0,0,0,0,0,0,0,0,0,0,0,0,0,0,0,0,1,0,0,0,0,0,1,0,0,1,1,0,0,0,0,0,0,0,0,0,0,0,0,0,0,0,0,0,0,0,1,0,0,0,1,0,0,1,0,0,0,0,0,0,0,0,0,0,0,0,0,0,0,0,0,1,2,0,0,0,0,0,1,1,2,0,0,0,84,0,0,0,0,1,0,0,0,1,84,0,0,0,0,1,0,2,2,0,0,0,0,0,2,0,0,0,0,0,0,0,0,0,0,0,0,1,0,0,0,0,0,0,0,0,0,0,0,1,0,0,1,0,0,0,0,0,0,0,0,0,0,1,1,0,0,1,1,1,0,1,0,0,0,0,0,1,0,0,0,0,0,0,0,1,0,0,0,0,1,1,1,0,0,0,0,0,0,0,0,1
1126620268,0,0,0,0,0,2,10,0,0,0,0,2,0,43,0,0,0,0,0,0,0,0,0,75,0,0,0,26,1,0,0,2,2,0,0,0,0,9,2,0,0,0,0,0,0,0,0,0,0,0,0,0,0,0,0,0,0,3,1,10,9,0,0,0,9,0,0,0,2,0,0,0,0,0,0,0,0,2,6,0,0,0,0,0,4,0,2,0,0,0,12,0,2,0,0,0,0,0,0,0,0,0,1,6,0,0,0,0,2,0,0,0,2,0,0,1,0,0,0,0,0,0,0,0,0,0,0,0,0,0,0,0,0,3,12,0,0,0,0,5,1,10,13,0,0,0,154,1,0,0,0,3,0,0,0,10,154,0,0,0,0,17,7,13,13,0,0,0,0,0,12,0,0,0,0,0,0,2,2,1,0,3,2,4,0,0,0,0,0,10,10,5,0,2,2,7,2,0,4,2,0,0,0,0,0,0,0,0,2,2,0,2,0,2,0,2,0,2,0,1,0,3,0,1,0,0,0,0,0,25,1,1,0,0,0,0,20,2,2,0,0,0,1,0,0,0,0,9
1126621395,0,0,0,0,0,0,0,0,0,0,22,0,0,102,0,1,0,0,0,0,0,0,0,59,0,0,0,23,0,0,0,0,3,0,0,1,0,1,0,0,0,0,0,0,0,0,0,0,0,0,0,0,0,0,0,0,0,0,0,0,0,0,0,0,0,0,0,0,0,0,0,0,0,0,0,0,0,1,3,0,0,0,0,0,22,0,15,22,7,0,14,0,3,0,0,0,0,0,0,0,0,0,0,0,0,0,0,0,18,0,0,0,3,0,0,1,0,0,0,0,0,0,0,0,0,0,0,0,0,0,0,0,0,5,135,0,0,0,0,0,1,9,9,0,0,0,569,0,0,0,0,3,0,0,0,9,569,0,0,0,0,97,4,9,9,0,0,0,0,0,9,0,0,0,0,0,0,0,0,0,0,2,0,6,0,0,0,0,11,0,0,0,0,0,0,14,8,0,22,0,0,0,0,0,0,1,0,0,16,20,4,16,0,22,4,20,2,22,20,1,0,5,0,1,0,0,0,0,0,0,0,1,0,0,0,0,27,1,1,0,0,0,2,0,0,0,0,7
1126621678,0,0,0,0,0,0,0,0,0,0,8,4,0,83,0,2,0,0,0,0,0,1,1,190,1,0,1,23,1,1,1,0,1,0,0,1,0,6,0,0,0,0,0,0,0,0,0,0,0,0,0,3,0,3,0,0,0,0,0,0,0,0,0,0,0,0,0,0,0,0,0,0,0,0,0,0,0,3,5,2,0,0,3,1,12,0,2,0,0,0,12,0,4,0,0,0,0,0,0,0,1,0,0,0,0,0,0,0,22,0,4,0,0,0,0,1,0,0,0,0,0,0,0,0,0,0,0,0,0,0,0,0,0,3,56,0,1,0,0,0,1,10,15,0,1,0,74,0,0,1,1,1,0,0,0,10,74,1,0,0,0,48,4,16,16,0,0,0,0,0,15,0,0,0,0,0,5,3,0,0,0,3,0,6,1,1,0,0,2,0,0,0,0,0,0,7,5,0,12,0,0,0,0,0,0,0,0,0,10,9,0,10,0,12,0,9,2,12,0,0,0,3,1,1,0,0,0,0,1,0,1,1,0,0,1,0,26,11,5,0,0,0,1,0,0,0,0,10
1126623623,0,0,0,0,0,1,0,0,0,2,0,0,0,21,0,1,0,0,0,0,0,0,0,49,0,0,1,20,1,0,0,0,3,0,0,0,0,1,1,0,0,0,0,0,0,0,0,0,0,0,0,1,0,1,0,2,2,0,0,0,0,0,0,0,0,0,0,0,0,0,0,0,0,0,0,0,0,2,3,0,0,0,1,0,1,0,0,0,0,0,11,0,1,0,0,0,0,0,0,0,0,0,0,0,0,0,0,0,5,0,0,0,3,0,0,1,0,0,0,0,0,0,2,0,1,1,0,2,1,0,1,0,0,2,15,0,0,0,0,0,1,3,8,0,0,20,93,0,0,0,0,1,0,0,0,3,93,0,0,0,0,5,2,8,8,0,0,0,0,0,6,0,0,0,0,0,0,7,1,0,1,1,0,3,0,0,0,0,0,0,0,0,0,1,1,3,0,0,1,0,0,0,0,0,0,0,0,0,0,0,0,0,0,0,0,0,0,0,0,0,0,2,0,1,0,0,0,0,1,0,0,1,0,0,0,0,3,3,2,0,0,0,0,0,0,0,0,3
1126624127,0,0,1,0,0,15,1,0,0,2,0,0,0,136,0,0,0,0,0,1,0,0,0,217,3,0,1,27,1,0,0,1,0,0,0,0,0,5,15,0,0,0,0,0,0,0,0,0,0,0,2,3,0,3,0,2,2,0,0,1,0,0,0,0,0,0,0,0,2,1,0,0,0,0,0,0,0,4,6,0,0,0,3,0,15,0,0,0,0,0,19,0,3,0,0,0,0,0,0,0,1,0,13,0,0,0,0,0,33,0,0,0,0,5,0,1,0,0,0,0,0,0,2,2,2,0,2,2,0,0,0,0,0,4,15,0,0,0,3,0,1,9,15,0,1,0,131,1,0,0,0,1,0,0,0,9,130,4,0,0,0,5,1,19,19,0,0,0,0,0,11,1,0,0,0,0,0,19,33,0,15,2,23,6,0,0,1,0,7,1,1,0,0,15,13,10,7,0,15,0,0,0,0,0,0,0,0,0,0,0,0,0,0,0,0,0,0,0,0,0,0,5,0,1,0,7,3,3,2,25,0,1,0,0,0,8,24,20,10,0,0,0,2,0,0,0,0,12
1126625254,0,0,2,1,0,6,4,1,0,0,5,0,0,145,0,1,0,0,0,0,0,0,0,278,2,0,0,26,1,0,0,3,8,0,0,0,0,17,6,0,0,0,0,0,0,0,0,0,0,0,0,1,0,1,0,2,2,3,1,3,3,0,1,0,3,1,0,0,3,1,1,1,0,1,1,0,0,2,5,0,0,0,1,0,9,0,2,5,3,0,24,0,1,0,0,0,1,1,1,1,3,1,5,3,0,0,0,0,15,0,0,1,4,1,0,1,0,0,0,0,0,0,0,0,0,0,0,0,0,0,0,0,0,3,14,0,0,0,0,0,1,18,35,0,1,0,158,2,0,0,0,2,0,0,0,18,158,4,0,0,0,11,2,39,39,0,0,0,0,0,35,0,0,0,0,0,0,10,6,11,1,8,5,6,0,0,0,1,0,4,4,1,0,4,3,6,3,0,9,5,2,0,0,3,0,0,0,0,2,3,2,2,0,5,2,3,1,5,0,0,0,3,0,1,0,1,0,0,0,11,0,1,0,0,0,0,20,8,6,0,0,0,2,0,8,0,0,9
1126626178,0,0,0,0,0,0,0,0,0,0,4,1,0,22,0,3,0,0,0,0,0,0,0,39,0,0,0,20,1,0,0,0,3,0,0,0,0,5,0,0,0,0,0,0,0,0,0,0,0,0,0,0,0,0,0,0,0,0,0,0,0,0,0,0,0,0,0,0,0,0,0,0,0,0,0,0,0,0,3,0,0,0,0,0,5,0,1,0,0,0,5,0,1,0,0,0,0,0,0,0,0,0,0,0,0,0,0,0,4,0,0,0,3,0,0,1,0,0,0,0,0,0,0,0,0,0,0,0,0,0,0,0,0,1,10,0,0,0,0,0,1,5,7,0,0,0,75,0,0,0,0,0,0,0,0,5,75,0,0,0,0,6,1,7,7,0,0,0,0,0,7,0,0,0,0,0,0,0,0,1,0,3,0,5,0,0,0,0,0,0,0,0,0,0,0,2,3,0,5,0,0,0,0,0,0,0,0,0,1,2,1,1,0,5,1,2,3,5,0,0,0,0,0,1,0,0,0,0,0,0,0,1,0,0,0,0,7,1,1,0,0,0,1,0,0,0,0,4
1126626662,0,0,0,0,0,1,0,0,0,0,5,0,0,29,0,0,0,0,0,0,0,0,0,77,0,0,0,23,2,0,1,0,2,0,0,0,0,8,1,0,0,0,1,1,1,0,0,1,1,0,0,0,0,0,0,0,0,0,0,0,0,0,0,0,0,0,0,0,0,0,0,0,0,0,0,0,0,0,3,0,0,0,0,0,6,0,4,5,1,0,11,0,2,0,0,0,0,0,0,0,3,0,0,0,0,0,0,0,3,0,0,0,2,0,0,1,0,0,0,0,0,0,0,0,0,0,0,0,0,0,0,0,0,2,10,0,0,0,0,0,1,10,13,0,0,0,80,1,0,0,0,0,0,0,0,10,80,0,0,0,0,5,0,13,13,0,0,0,0,0,13,0,0,0,0,0,0,2,1,0,0,2,1,6,0,0,0,0,0,0,0,0,0,1,1,3,3,0,6,2,0,0,0,1,0,0,0,1,4,5,1,4,0,5,1,5,0,5,0,0,0,2,0,1,0,0,0,0,0,0,0,1,0,0,0,0,8,1,1,0,0,0,1,0,0,0,0,1
1126626718,0,0,0,0,0,0,0,0,0,5,0,0,0,44,0,0,0,0,0,0,0,0,0,115,0,0,0,23,1,0,0,1,0,0,0,0,0,5,0,0,0,0,0,0,0,0,0,0,0,0,0,2,0,2,0,2,2,0,0,0,0,0,0,0,0,0,0,0,0,0,0,0,0,0,0,0,0,3,3,0,0,0,2,0,0,0,0,0,0,0,16,0,3,0,0,0,0,3,2,3,10,2,3,0,0,0,0,0,14,0,1,0,0,0,0,1,0,0,0,0,0,0,5,4,5,1,4,5,1,0,0,0,0,2,42,0,0,0,0,0,1,4,17,0,1,0,64,0,0,0,0,0,0,0,0,4,63,0,0,0,0,5,0,17,17,0,0,0,0,0,17,1,0,0,0,0,0,0,0,0,0,0,0,5,0,0,0,0,0,0,0,0,0,0,0,4,1,0,0,0,0,0,0,0,0,0,0,0,0,0,0,0,0,0,0,0,0,0,0,0,0,2,0,1,0,0,0,0,0,0,0,1,0,0,0,0,5,15,11,0,0,0,1,0,0,0,0,2
1126628619,0,0,0,0,0,0,11,0,0,1,0,0,0,28,0,0,0,0,0,0,0,0,0,73,0,0,0,23,2,0,0,0,0,0,1,0,0,3,0,0,0,0,0,0,0,0,0,0,0,0,0,1,0,2,0,1,1,11,0,11,10,0,0,0,10,0,0,0,0,1,0,0,0,0,0,0,0,3,5,0,0,0,2,0,0,0,0,0,0,0,0,0,1,1,0,0,0,0,0,0,0,0,0,21,0,0,0,0,8,0,0,0,0,0,0,1,0,0,0,0,0,0,1,1,1,0,1,1,0,0,0,0,0,2,8,0,0,0,0,3,1,4,5,0,1,0,77,0,0,0,0,2,0,0,0,4,77,0,0,0,0,9,8,5,5,0,0,0,0,0,5,0,0,0,0,0,0,0,0,0,0,1,0,1,0,0,0,0,0,10,10,2,0,0,0,4,0,0,0,0,0,0,0,0,0,0,0,0,0,0,0,0,0,0,0,0,0,0,0,0,0,2,0,1,0,0,0,0,0,0,0,1,0,0,0,0,11,6,3,0,0,0,1,0,0,0,1,8
1126629485,0,0,0,0,0,0,0,0,0,0,11,1,0,47,0,0,0,0,0,0,0,0,0,86,0,0,0,22,1,0,0,0,4,0,0,0,0,9,0,0,0,0,0,0,0,0,0,0,0,0,0,0,0,0,0,9,9,0,0,0,0,0,0,0,0,0,2,0,0,0,0,0,0,0,0,0,0,0,3,0,0,0,0,0,12,0,7,11,4,0,12,0,4,0,0,0,0,0,0,0,0,0,0,0,0,0,0,0,9,0,0,0,3,0,0,1,0,0,0,0,0,0,0,0,0,0,0,0,0,0,0,0,0,2,70,0,1,0,0,0,1,11,18,0,0,0,182,0,0,0,0,1,0,0,0,11,182,0,0,0,0,70,7,18,18,0,0,0,0,0,17,0,0,0,0,0,0,0,0,0,0,2,0,8,0,0,0,0,0,0,0,0,0,0,0,3,9,0,12,0,0,0,0,0,0,0,0,0,9,10,1,9,0,12,1,10,2,12,0,1,0,2,0,1,0,0,0,0,0,30,0,1,0,0,0,0,19,2,2,0,0,0,2,0,2,1,0,4
1126630679,0,0,0,0,0,0,0,0,0,0,0,5,0,28,1,0,0,0,0,0,0,0,0,56,0,0,0,20,3,0,0,0,4,0,0,0,0,6,0,0,0,0,0,0,0,0,0,0,0,0,0,0,0,0,0,0,0,0,0,0,0,0,0,0,0,0,0,0,0,0,0,0,0,0,0,0,0,1,3,0,0,0,0,0,5,0,3,0,0,0,3,0,1,0,0,0,0,1,1,1,3,1,0,0,0,0,0,0,12,0,1,1,0,0,0,1,0,0,0,0,0,0,0,0,0,0,0,0,0,0,0,0,0,1,11,0,0,0,0,0,1,6,12,0,1,0,86,0,0,0,0,4,0,0,0,6,86,0,0,0,0,7,1,12,12,0,0,0,0,0,12,0,0,0,0,0,0,0,0,0,0,2,0,5,0,0,0,0,0,0,0,0,0,0,0,2,3,0,5,0,0,0,0,0,0,0,0,0,5,3,0,5,0,5,0,3,0,5,0,0,0,0,0,1,0,2,0,0,0,7,0,1,0,0,0,0,6,11,8,1,1,0,0,0,0,0,0,2
1126630707,0,0,0,0,0,5,0,0,0,2,0,0,0,47,0,1,0,0,0,0,0,0,0,86,0,0,0,23,3,0,0,0,7,1,0,0,0,4,1,0,4,0,0,0,0,0,0,0,0,0,0,1,0,1,0,5,5,0,0,0,0,0,0,0,0,0,0,0,0,0,0,0,0,0,0,0,0,2,3,0,0,0,1,0,5,0,0,0,0,0,16,1,2,0,0,0,0,1,1,1,3,1,0,0,0,0,0,0,7,0,0,0,7,0,0,1,0,0,0,0,0,0,2,0,1,1,0,2,1,0,1,0,0,1,4,1,0,0,0,0,1,5,9,0,0,0,73,3,0,0,0,4,0,0,0,5,73,0,0,0,0,2,0,9,9,0,0,0,0,0,5,0,0,0,0,0,0,3,2,2,1,6,2,7,0,0,0,0,0,0,0,0,0,5,2,2,5,0,5,3,3,0,1,0,1,0,0,0,0,0,0,0,0,0,0,0,0,0,0,0,0,0,0,1,0,0,0,0,0,0,2,1,0,0,0,0,11,4,3,0,0,0,1,0,0,0,0,2
1126631566,0,0,0,0,0,6,0,0,0,0,2,0,0,45,0,0,0,0,0,0,0,0,0,68,0,0,0,30,1,0,0,0,3,0,0,0,0,5,4,0,2,0,1,1,1,0,0,1,1,0,0,0,0,0,0,2,3,0,0,0,0,0,0,0,0,0,0,0,1,0,0,0,0,0,0,0,0,1,3,0,0,0,0,0,8,0,2,2,0,0,9,0,2,0,0,0,0,4,1,4,4,1,0,0,0,0,0,0,10,0,1,0,3,0,0,1,0,0,0,0,0,0,0,0,0,0,0,0,0,0,0,0,0,2,4,0,0,0,0,0,1,7,8,0,1,0,595,3,0,0,0,0,0,0,0,7,595,0,0,0,0,3,1,8,8,0,0,0,0,0,8,0,0,0,0,0,0,1,4,4,1,3,3,8,0,0,0,0,0,0,0,0,0,6,5,4,4,0,8,5,1,0,0,0,0,0,0,0,2,2,0,2,0,2,0,2,0,2,0,0,0,2,0,1,0,0,0,0,0,8,0,1,0,0,0,0,13,4,2,0,0,0,1,0,0,0,0,1
1126639044,0,0,0,0,0,1,0,0,0,4,0,0,0,22,0,2,0,0,0,0,0,0,0,51,0,0,0,23,1,0,0,0,1,0,0,0,0,3,1,0,0,0,0,0,0,0,0,0,0,0,0,0,0,0,0,0,0,0,0,0,0,0,0,0,0,0,0,0,0,0,0,0,0,0,0,0,0,1,3,0,0,0,0,0,1,0,0,0,0,0,8,0,3,0,0,0,0,0,0,0,0,0,0,0,0,0,0,0,5,0,0,0,1,0,0,1,0,0,0,0,0,0,4,1,2,1,1,4,1,1,2,0,0,2,19,0,0,0,0,0,1,3,7,0,0,0,125,0,0,0,0,2,0,0,0,3,125,0,0,0,0,5,0,7,7,0,0,0,0,0,6,0,0,0,0,0,0,2,1,0,1,3,0,5,0,0,0,0,0,0,0,0,0,1,0,5,0,0,1,0,0,0,0,0,0,0,0,0,0,0,0,0,0,0,0,0,0,0,0,0,0,2,0,1,0,0,0,0,0,4,0,1,0,0,0,0,6,2,2,0,0,0,0,0,0,0,0,4
1126640601,0,0,0,0,0,0,0,0,0,1,0,0,0,9,0,0,0,0,0,0,0,0,0,14,0,0,0,9,2,0,0,0,0,0,0,0,0,3,0,0,0,0,0,0,0,0,0,0,0,0,0,0,0,0,0,0,0,0,0,0,0,0,0,0,0,0,0,0,0,0,0,0,0,0,0,0,0,0,0,0,0,0,0,0,0,0,0,0,0,0,1,0,0,0,0,0,0,0,0,0,0,0,0,10,0,0,0,0,0,0,0,0,0,0,0,1,0,0,0,0,0,0,1,1,1,0,1,1,0,0,0,0,0,0,2,0,0,0,0,0,1,1,6,0,0,0,56,0,0,0,0,0,0,0,0,1,56,0,0,0,0,1,0,6,6,0,0,0,0,0,6,0,0,0,0,0,0,0,0,0,0,0,0,1,0,0,0,0,0,0,0,0,0,0,0,0,1,0,0,0,0,0,0,0,0,0,0,0,0,0,0,0,0,0,0,0,0,0,0,0,0,0,0,1,0,0,0,0,0,0,0,1,0,0,0,0,1,1,1,0,0,0,0,0,0,0,0,0
1126640946,0,0,0,0,0,3,0,0,0,4,0,0,0,21,0,0,0,0,0,0,0,0,0,37,0,0,0,23,1,0,0,0,3,0,0,0,0,6,3,0,0,0,0,0,0,0,0,0,0,0,0,0,0,0,0,6,17,0,0,0,0,0,0,0,0,0,0,0,0,0,0,0,0,0,0,0,0,0,3,0,0,0,0,0,3,0,0,0,0,0,3,1,2,0,0,0,0,0,0,0,0,0,0,0,0,0,0,0,5,0,11,0,3,0,0,1,0,0,0,0,0,0,4,4,3,0,4,4,0,1,0,0,0,2,15,0,0,0,0,0,1,8,8,0,0,0,59,0,1,0,0,5,0,0,0,8,59,0,0,0,0,6,0,8,8,0,0,0,0,0,6,0,0,0,0,1,0,3,3,0,3,2,0,7,0,0,0,0,0,0,0,0,0,3,1,4,3,0,3,1,1,0,4,2,0,0,0,2,0,0,0,0,0,0,0,0,0,0,0,0,0,2,0,1,0,0,0,0,0,14,0,1,0,0,0,0,8,1,1,0,0,0,0,0,0,0,0,1
1126644410,0,0,0,0,0,10,1,0,0,6,0,1,0,50,0,1,0,0,0,0,0,0,0,95,1,0,1,23,2,0,0,1,2,0,0,0,0,7,9,0,1,0,0,0,0,0,0,0,0,0,0,0,0,0,0,5,6,1,1,1,1,0,0,0,1,0,0,0,0,0,0,0,0,0,0,0,0,0,3,0,0,0,0,0,11,0,0,0,0,0,13,1,4,1,0,0,0,3,1,3,5,1,0,5,0,0,0,0,17,0,1,1,2,0,0,1,0,0,0,0,0,0,6,2,4,3,2,6,3,0,1,0,0,5,33,0,0,0,0,0,1,12,21,0,1,0,167,0,0,0,0,5,0,0,0,12,167,4,0,0,0,13,0,25,25,4,0,0,0,0,20,0,0,0,0,0,0,11,11,2,10,5,3,6,0,0,0,0,6,0,0,0,0,10,9,12,5,0,11,0,0,0,0,0,0,0,0,0,1,1,0,1,0,1,0,1,0,1,0,0,0,5,0,1,0,0,0,0,1,27,0,1,0,0,0,0,19,4,2,0,0,0,2,0,0,0,0,13
1126645822,0,0,0,0,0,3,6,0,0,3,0,0,0,45,0,1,0,0,0,0,0,0,0,110,0,0,0,25,2,0,0,1,2,0,0,0,0,10,1,1,1,0,0,0,0,0,0,0,0,0,0,1,0,1,0,1,1,6,0,6,4,0,0,0,4,0,0,0,1,0,0,0,0,0,0,0,0,2,6,0,0,0,1,0,3,0,0,0,0,0,18,0,3,0,0,0,0,0,0,0,0,0,14,3,0,0,0,0,8,0,0,0,2,0,0,1,0,0,0,0,0,0,3,1,2,1,1,3,1,1,1,0,0,2,37,0,0,0,0,1,1,11,16,0,0,0,74,0,0,0,0,1,0,0,0,11,74,1,0,0,0,11,5,17,17,1,1,1,0,0,17,0,0,0,0,0,0,4,1,1,1,4,0,6,1,1,0,0,0,6,6,1,0,3,3,5,2,0,3,2,0,0,0,0,0,0,0,0,0,0,0,0,0,0,0,0,0,0,0,1,1,5,0,2,0,0,0,0,0,0,1,1,0,0,0,0,13,4,3,0,0,0,2,0,0,0,0,8
1126646000,0,0,0,0,0,1,3,0,0,6,0,0,0,36,0,0,0,0,0,0,0,0,0,76,0,0,0,24,0,0,0,0,0,0,1,0,0,3,1,0,0,0,0,0,0,0,0,0,0,0,0,2,0,2,0,0,0,3,0,3,2,0,0,0,2,0,0,0,0,0,0,0,0,0,0,0,0,3,5,0,0,0,2,0,1,0,0,0,0,0,11,0,2,0,0,0,0,0,0,0,0,0,0,11,0,0,0,0,9,0,0,0,0,0,0,1,0,0,0,0,0,0,6,5,4,1,5,6,1,0,0,0,0,3,21,0,0,0,0,0,1,4,7,0,0,0,126,0,0,0,0,0,0,0,0,4,126,0,0,0,0,7,1,7,7,0,0,0,0,0,7,0,0,0,0,0,0,1,1,0,1,3,0,7,0,0,0,0,0,3,3,0,0,1,1,6,1,0,1,2,0,0,0,1,0,0,0,1,0,0,0,0,0,0,0,0,0,0,0,0,0,3,0,1,0,0,0,0,0,0,0,1,0,0,0,0,10,5,4,0,0,0,1,0,0,0,0,8
1126647509,0,0,0,0,0,0,0,0,0,5,0,0,0,33,0,0,0,0,0,0,0,0,0,71,1,0,0,23,2,0,0,10,2,0,1,0,0,3,0,0,0,0,0,0,0,0,0,0,0,0,0,0,0,0,0,0,0,0,0,0,0,0,0,0,0,0,0,0,0,0,0,0,0,0,0,0,0,1,3,0,0,0,0,0,0,0,0,0,0,0,10,0,2,0,0,0,2,0,0,0,0,0,2,2,0,0,0,0,8,0,0,0,2,0,0,1,0,0,0,0,0,0,5,5,5,0,5,5,0,1,0,0,0,2,20,0,0,0,0,0,1,6,16,0,1,0,111,0,0,0,0,0,0,0,0,6,111,1,0,0,0,8,2,17,17,0,0,0,0,0,17,0,0,0,0,0,0,1,0,0,0,1,0,5,0,0,0,0,0,0,0,0,0,0,0,4,1,0,0,3,0,0,0,0,2,0,0,0,0,0,0,0,0,0,0,0,0,0,0,0,0,2,0,1,0,0,0,0,0,6,0,1,0,0,0,0,9,3,1,0,0,0,0,0,0,0,0,4
1126653904,0,0,2,0,0,7,1,0,0,1,0,0,0,45,0,0,0,0,1,1,0,0,0,63,0,0,0,26,1,0,0,2,2,0,0,0,1,7,6,0,1,0,1,1,1,0,1,1,1,0,0,0,0,0,0,1,1,0,0,1,0,0,0,0,0,0,0,0,0,0,0,0,0,0,0,0,0,0,3,0,0,0,0,0,7,0,0,0,0,0,8,0,2,0,0,0,0,0,0,0,0,0,5,0,0,0,0,0,8,0,0,0,1,0,0,1,0,0,0,0,0,0,1,1,1,0,1,1,0,1,0,0,0,2,4,0,0,0,0,0,1,8,13,0,0,0,80,1,0,0,0,2,0,0,0,8,80,0,0,0,0,37,1,13,13,0,0,0,0,0,13,0,0,0,0,0,0,24,9,0,3,2,7,8,0,0,0,0,0,1,1,0,0,7,3,5,3,0,7,5,0,0,0,1,1,0,0,1,0,0,0,0,0,0,0,0,0,0,0,0,0,2,0,1,0,0,0,0,0,23,0,1,0,0,0,0,11,1,1,0,0,0,2,0,4,4,0,4
1126654573,0,0,0,0,0,0,0,0,0,0,2,1,0,20,0,0,0,0,0,0,0,0,0,29,0,0,0,15,2,0,0,0,1,0,0,0,0,4,0,0,0,0,0,0,0,0,0,0,0,0,0,0,0,0,0,1,1,0,0,0,0,0,0,0,0,0,0,0,0,0,0,0,0,0,0,0,0,1,3,0,0,0,0,0,3,0,2,2,0,0,4,0,1,1,0,0,0,0,0,0,1,0,0,12,0,0,0,0,5,0,0,0,1,0,0,1,0,0,0,0,0,0,0,0,0,0,0,0,0,0,0,0,0,1,5,0,0,0,0,0,1,5,9,0,1,0,86,0,0,0,0,0,0,0,0,5,86,0,0,0,0,5,1,9,9,0,0,0,0,0,8,0,0,0,0,0,0,0,0,0,0,2,0,3,0,0,0,0,0,0,0,0,0,0,0,1,2,0,3,0,0,0,0,0,0,0,0,0,2,1,1,2,0,3,1,1,0,3,0,0,0,0,0,1,0,0,0,0,0,0,0,1,0,0,0,0,4,6,5,0,0,0,0,1,1,0,0,0
1126654992,0,0,0,0,0,3,4,0,0,0,5,0,0,38,0,1,0,0,0,0,0,0,0,85,0,0,0,26,1,0,0,0,6,0,0,0,0,2,3,0,0,0,0,0,0,0,0,0,0,0,0,0,0,0,0,1,1,4,0,3,2,0,1,0,2,0,0,0,0,1,0,0,0,0,0,0,0,2,6,0,0,0,0,0,8,0,1,5,4,0,13,0,2,0,0,0,0,0,0,0,1,0,0,0,0,0,0,0,8,0,0,0,6,0,0,1,0,0,0,0,0,0,0,0,0,0,0,0,0,0,0,0,0,3,10,0,0,0,0,0,1,7,10,0,0,0,131,0,0,0,0,1,0,0,0,7,131,0,0,0,0,17,3,10,10,0,0,0,0,0,9,0,0,0,0,0,0,2,3,0,2,5,1,6,0,0,0,0,1,4,4,1,0,3,3,6,2,0,8,0,1,0,0,0,0,0,0,0,2,2,2,2,0,5,2,2,1,5,0,0,0,3,0,1,0,0,0,0,0,6,0,1,0,0,0,0,15,2,2,0,0,0,2,0,0,0,0,8
1126655043,0,0,0,0,0,0,0,0,0,1,0,0,0,16,0,0,0,0,0,0,0,0,0,13,0,0,0,7,4,0,0,0,2,0,1,0,0,2,0,0,0,0,0,0,0,0,0,0,0,0,0,0,0,0,0,0,0,0,0,0,0,0,0,0,0,0,0,0,0,0,0,0,0,0,0,0,0,0,0,0,0,0,0,0,0,0,0,0,0,0,1,0,1,0,0,0,0,0,0,0,3,0,0,13,0,0,0,0,0,0,0,0,2,0,0,1,0,0,0,0,0,0,1,0,0,1,0,1,1,0,0,0,0,0,3,0,0,0,0,0,1,3,6,0,0,0,52,0,0,0,0,1,1,0,0,3,52,0,0,0,0,2,0,6,6,0,0,0,0,0,6,0,0,0,0,0,0,0,0,0,0,0,0,0,0,0,0,0,0,0,0,0,0,0,0,0,0,0,0,0,0,0,0,0,0,0,0,0,0,0,0,0,0,0,0,0,0,0,0,0,0,0,0,1,0,0,0,0,0,11,0,1,0,0,0,0,0,1,1,0,0,0,0,0,0,0,0,0
1126656314,0,0,0,0,0,4,10,0,0,10,0,0,0,91,0,2,0,0,0,0,0,0,0,223,0,0,0,28,1,0,0,0,12,0,0,0,0,16,3,1,0,0,0,0,0,0,0,0,0,0,0,4,0,4,0,6,34,10,0,9,9,1,0,0,9,0,0,0,0,0,0,0,0,0,0,0,0,5,9,2,1,1,4,0,5,0,1,0,0,0,30,0,5,0,0,0,0,1,0,1,2,0,7,2,0,0,0,0,25,0,34,0,12,0,0,1,0,0,0,0,0,15,10,6,5,2,6,10,2,2,2,0,0,4,39,0,0,0,0,1,1,13,22,0,0,0,180,1,0,0,0,6,0,0,0,13,180,1,0,0,0,43,14,23,23,0,0,0,2,0,23,0,0,0,0,1,0,3,8,2,3,10,6,8,0,0,0,0,4,10,10,1,0,4,3,10,6,0,5,2,0,0,0,0,1,0,0,0,0,0,0,0,0,0,0,0,0,0,0,1,0,3,0,1,1,3,0,0,0,5,0,1,0,0,0,0,33,21,18,1,1,0,2,0,0,0,0,8
1126657241,0,0,0,0,0,0,11,0,0,1,0,0,0,31,0,0,0,0,0,0,0,0,0,72,0,0,0,25,2,0,0,0,2,0,0,0,0,6,0,0,0,0,0,0,0,0,0,0,0,0,0,0,0,1,0,0,0,10,0,10,11,1,0,0,11,0,0,0,1,0,0,0,0,0,0,0,0,2,4,0,0,0,1,0,0,0,0,0,0,0,6,0,1,0,0,0,1,0,0,0,0,0,0,0,0,0,0,0,2,0,0,0,2,0,0,1,0,0,0,0,0,0,1,1,1,0,1,1,0,2,0,0,0,3,6,0,0,0,0,6,1,8,13,0,0,0,56,0,0,0,0,1,0,0,0,8,56,0,0,0,0,12,9,13,13,0,0,0,0,0,13,0,0,0,0,0,0,1,0,0,0,2,0,1,0,0,0,0,0,9,9,4,0,0,0,6,1,0,0,2,0,0,0,1,0,0,0,1,0,0,0,0,0,0,0,0,0,0,0,1,1,3,0,1,0,0,0,0,0,11,0,1,0,0,0,0,14,3,4,0,0,0,1,0,1,1,1,7
1126658601,0,1,1,0,0,7,0,0,0,5,0,0,4,122,0,1,0,0,1,1,0,0,0,260,0,0,0,25,1,0,0,0,9,0,0,0,0,17,6,1,0,0,0,0,0,0,0,0,0,0,0,4,1,4,0,2,2,0,0,0,0,0,0,0,0,0,1,0,0,1,0,0,0,0,0,0,0,5,6,1,0,0,4,1,7,0,0,0,0,0,13,0,1,0,0,0,1,1,1,1,2,1,2,0,0,1,1,0,39,0,7,1,5,0,0,1,0,0,0,0,0,0,5,4,4,0,4,5,0,0,1,0,0,4,35,0,0,0,0,0,1,14,23,0,1,0,196,1,0,0,0,9,0,0,0,14,195,0,0,0,0,13,4,23,23,0,0,0,0,0,23,0,0,0,0,0,0,7,13,1,5,3,10,7,1,1,1,0,3,0,0,0,0,7,6,9,3,4,7,1,3,0,0,2,3,0,0,2,0,0,0,0,0,0,0,0,0,0,0,0,0,3,1,2,2,2,0,0,0,4,1,1,0,0,0,0,19,28,23,0,0,2,2,0,0,0,0,13
1126658628,0,0,0,0,0,0,0,0,0,5,0,0,0,22,0,1,0,0,0,0,0,0,0,47,0,0,0,23,1,0,0,0,0,0,0,0,0,4,0,0,0,0,0,0,0,0,0,0,0,0,0,0,0,0,0,0,0,0,0,0,0,0,0,0,0,0,0,0,0,0,0,0,0,0,0,0,0,0,3,0,0,0,0,0,0,0,0,0,0,0,7,0,1,0,0,0,0,1,1,1,2,1,0,0,0,0,0,0,4,0,0,0,0,0,0,1,0,0,0,0,0,0,5,3,4,1,3,5,1,2,1,0,0,2,28,0,0,0,0,0,1,6,12,0,0,0,573,0,0,0,0,0,0,0,0,6,573,0,0,0,0,8,0,12,12,0,0,0,0,0,11,0,0,0,0,0,0,0,0,0,0,3,0,5,0,0,0,0,0,0,0,0,0,0,0,4,1,0,0,0,0,0,0,0,0,0,0,0,0,0,0,0,0,0,0,0,0,0,0,0,0,2,0,1,0,0,0,0,0,0,0,1,0,0,0,0,7,1,1,0,0,0,0,0,0,0,0,1
1126659625,0,0,0,0,0,0,0,0,0,1,0,0,0,7,0,0,0,0,0,0,0,2,0,16,0,0,0,13,1,0,0,0,0,0,0,0,0,1,0,0,0,0,0,0,0,0,0,0,0,0,0,0,0,0,0,0,0,0,0,0,0,0,0,0,0,0,0,0,0,1,0,0,0,0,0,0,0,1,1,0,0,0,0,0,0,0,0,0,0,0,1,0,1,0,0,0,0,0,0,0,1,0,0,8,0,0,0,0,5,0,0,0,0,0,0,1,0,0,0,0,0,0,1,1,1,0,1,1,0,0,0,0,0,1,5,0,0,0,0,0,1,4,4,0,1,0,75,0,0,0,0,0,0,0,0,4,75,0,0,0,1,1,0,4,4,0,0,0,0,0,3,0,0,0,0,0,0,0,0,0,0,0,0,1,0,0,0,0,0,0,0,0,0,0,0,1,0,0,0,0,0,0,0,0,0,0,0,0,0,0,0,0,0,0,0,0,0,0,0,0,0,0,0,1,0,0,0,0,0,0,0,1,0,0,0,0,1,3,1,0,0,0,0,0,0,0,0,1
1126659941,0,0,0,0,0,0,0,0,0,2,0,1,0,29,0,1,0,0,0,0,0,0,0,43,0,0,0,15,4,0,0,0,0,0,0,0,0,3,0,0,0,0,0,0,0,0,0,0,0,0,0,0,0,0,0,0,0,0,0,0,0,0,0,0,0,0,0,0,0,0,0,0,0,0,0,0,0,1,1,0,0,0,0,0,1,0,0,0,0,0,0,0,0,0,0,0,0,0,0,0,3,0,0,27,0,0,0,0,5,0,0,0,0,0,0,1,0,0,0,0,0,0,2,1,1,0,1,2,0,1,1,0,0,1,7,0,0,0,0,0,1,3,8,0,1,0,51,0,0,0,0,0,0,0,0,3,51,0,0,0,0,5,1,8,8,0,0,0,0,0,8,0,0,0,0,0,0,0,0,0,0,2,0,3,0,0,0,0,0,0,0,0,0,0,0,1,2,0,1,0,0,0,0,0,0,0,0,0,1,1,0,1,0,1,0,1,0,1,0,0,0,0,0,1,0,0,0,0,0,1,0,1,0,0,0,0,5,3,1,0,0,0,0,0,0,0,0,0
1126660934,0,0,0,0,0,0,1,0,0,2,0,0,0,12,0,1,0,0,0,0,0,0,0,29,0,0,0,14,1,0,0,0,0,0,0,0,0,2,0,0,0,0,0,0,0,0,0,0,0,0,0,1,0,1,0,0,0,0,0,1,1,0,0,0,1,0,0,0,0,0,0,0,0,0,0,0,0,1,2,1,0,0,1,0,0,0,0,0,0,0,5,0,1,0,0,0,0,1,0,1,1,0,0,0,0,0,0,0,8,0,2,0,0,0,0,1,0,0,0,0,0,0,2,0,1,1,0,2,1,0,1,0,0,1,5,0,0,0,0,0,1,2,2,0,1,0,114,0,0,0,0,0,0,0,0,2,114,0,0,0,0,2,0,2,2,0,0,0,0,0,2,0,0,0,0,0,0,0,0,0,0,1,0,2,0,0,0,0,0,0,0,0,0,0,0,1,1,0,0,0,0,0,0,0,0,0,0,0,0,0,0,0,0,0,0,0,0,0,0,0,0,0,0,1,0,0,0,0,0,0,0,1,0,0,0,0,3,6,3,0,0,0,0,0,0,0,0,2
1126661573,0,0,0,0,0,5,0,0,0,0,1,1,0,30,0,0,0,0,0,0,0,0,0,63,0,0,1,23,1,0,0,0,0,0,0,0,0,2,4,0,1,0,0,0,0,0,0,0,0,0,0,0,0,0,0,5,5,0,0,0,0,0,0,0,0,0,0,0,0,0,0,0,0,0,0,0,0,2,3,0,0,0,0,0,7,0,1,1,0,0,13,0,1,0,0,0,0,0,0,0,0,0,0,0,0,0,0,0,6,0,0,0,0,0,0,1,0,0,0,0,0,0,0,0,0,0,0,0,0,0,0,0,0,3,3,0,0,0,0,0,1,4,5,0,0,0,70,0,0,0,0,1,0,0,0,4,63,0,0,0,0,3,1,5,5,0,0,0,0,0,2,0,0,0,0,0,0,6,8,0,5,2,4,6,0,0,0,0,0,0,0,0,0,5,5,6,1,0,7,0,0,0,0,0,0,0,0,0,2,1,0,2,0,2,0,1,0,2,0,0,0,3,0,1,0,0,0,0,1,0,0,1,0,0,0,0,8,2,2,0,0,0,1,0,0,0,0,3
1126666532,0,0,0,0,0,2,8,0,0,5,0,0,0,42,0,1,0,0,0,0,0,0,0,98,0,0,0,26,1,0,0,0,0,0,0,0,0,3,2,0,0,0,0,0,0,0,0,0,0,0,0,0,0,0,0,0,0,3,0,7,7,1,0,0,7,1,0,0,0,0,0,0,0,0,0,0,0,2,6,0,0,0,0,0,2,0,0,0,0,0,14,1,2,0,0,0,0,0,0,0,0,0,1,0,0,0,0,0,7,0,0,0,0,0,0,1,0,0,0,0,0,0,5,3,3,0,3,5,0,2,2,0,0,3,26,0,0,0,0,2,1,5,8,0,0,0,71,0,0,0,0,3,0,0,0,5,71,0,0,0,0,14,6,8,8,0,0,0,0,0,8,0,0,0,0,0,0,2,2,0,1,5,1,7,0,0,0,0,0,7,7,1,0,2,1,8,1,0,2,1,0,0,0,0,0,0,0,0,0,0,0,0,0,0,0,0,0,0,0,0,0,3,0,1,0,0,0,0,0,0,0,1,0,0,0,0,17,2,2,0,0,0,1,0,0,0,0,11
1126670178,0,0,0,0,0,2,0,0,0,0,0,1,0,7,0,0,0,0,0,0,0,0,0,8,0,0,0,15,1,0,0,0,0,0,0,0,0,1,2,0,0,0,0,0,0,0,0,0,0,0,0,0,0,0,0,0,0,0,0,0,0,0,0,0,0,0,0,0,0,0,0,0,0,0,0,0,0,0,2,0,0,0,0,0,3,0,1,0,0,0,2,0,0,0,0,0,0,0,0,0,0,0,0,0,0,0,0,0,2,0,0,0,0,0,0,1,0,0,0,0,0,0,0,0,0,0,0,0,0,0,0,0,0,1,2,0,0,0,0,0,1,1,1,0,0,0,71,0,0,0,0,1,0,0,0,1,71,0,0,0,0,1,0,1,1,0,0,0,0,0,1,0,0,0,0,0,0,2,2,0,2,1,0,3,0,0,0,0,0,0,0,0,0,2,1,1,2,0,3,0,0,0,0,0,0,0,0,0,1,0,0,1,0,1,0,0,0,1,0,0,0,0,0,1,0,0,0,0,0,5,0,1,0,0,0,0,3,1,1,0,0,0,0,0,0,0,0,1
1126672443,0,0,0,0,0,1,2,0,0,8,0,0,0,40,0,2,0,0,0,0,0,0,0,113,1,0,0,24,1,0,0,0,1,0,0,0,0,5,1,0,0,0,0,0,0,0,0,0,0,0,0,0,0,0,0,3,4,2,0,2,2,0,0,0,2,0,0,0,0,0,0,0,0,0,0,0,0,1,4,0,0,0,0,0,1,0,0,0,0,0,9,0,2,0,0,0,0,1,1,1,2,1,1,14,0,0,0,0,9,0,1,0,1,0,0,1,0,0,0,0,0,0,8,4,6,2,4,8,2,0,2,0,0,4,32,0,0,0,0,0,1,6,12,1,0,0,133,1,0,0,0,2,0,0,0,6,133,1,0,0,0,9,0,14,14,0,0,0,0,0,8,0,0,0,0,0,0,1,5,0,1,3,5,8,0,0,0,0,3,1,1,0,0,1,1,9,0,0,1,0,0,0,0,0,0,0,0,0,0,0,0,0,0,0,0,0,0,0,0,0,0,3,0,1,0,0,0,0,0,0,0,1,0,0,0,0,18,2,2,0,0,0,1,0,0,0,0,9
1126672822,0,0,0,0,0,0,0,0,0,1,0,0,0,10,0,0,0,0,0,0,0,0,0,15,0,0,0,9,1,0,0,0,2,1,0,0,0,1,0,0,0,0,0,0,0,0,0,0,0,0,0,0,0,0,0,0,0,0,0,0,0,0,0,0,0,0,0,0,0,0,0,0,0,0,0,0,0,0,0,0,0,0,0,0,0,0,0,0,0,0,1,0,0,0,0,0,0,0,0,0,4,0,0,8,0,0,0,0,0,0,0,0,2,0,0,1,0,0,0,0,0,0,1,1,1,0,1,1,0,0,0,0,0,0,3,0,0,0,0,0,1,2,3,0,0,0,81,0,0,0,0,0,0,0,0,2,81,0,0,0,0,2,0,3,3,0,0,0,0,0,3,0,0,0,0,0,0,0,0,0,0,0,0,1,0,0,0,0,0,0,0,0,0,0,0,0,1,0,0,0,0,0,0,0,0,0,0,0,0,0,0,0,0,0,0,0,0,0,0,0,0,0,0,1,0,0,0,0,0,0,0,1,0,0,0,0,1,1,1,0,0,0,0,0,0,0,0,0
1126673742,0,0,0,0,0,0,2,0,0,2,0,0,0,26,0,0,0,0,0,0,0,0,0,44,0,0,0,19,1,0,0,0,11,0,0,0,1,52,0,0,0,0,0,0,0,0,0,0,0,0,0,1,0,1,0,0,0,2,0,2,2,0,0,0,2,0,0,0,0,1,0,0,0,0,0,0,0,1,2,0,0,0,1,1,0,0,0,0,0,0,4,0,1,0,0,0,0,0,0,0,0,0,0,7,0,0,0,0,8,0,0,0,11,0,0,1,0,0,0,0,0,0,2,1,2,1,1,2,1,1,0,0,0,1,35,0,0,1,0,0,1,3,4,0,0,0,60,0,0,0,0,1,0,0,0,3,60,0,1,6,0,26,1,4,4,0,0,0,0,0,4,0,0,0,0,0,0,0,0,0,0,1,0,2,1,1,0,0,0,2,2,0,0,0,0,2,0,0,0,0,0,0,0,0,0,0,0,0,0,0,0,0,0,0,0,0,0,0,0,0,0,0,1,1,0,0,0,0,0,0,1,1,0,0,0,0,5,5,3,0,0,0,0,0,0,0,0,2
1126676609,0,0,0,0,0,0,0,0,0,1,0,0,0,5,0,1,0,0,0,0,0,0,0,13,0,0,0,13,1,0,0,0,1,0,1,0,0,1,0,0,0,0,0,0,0,0,0,0,0,0,0,0,0,0,0,0,0,0,0,0,0,0,0,0,0,0,0,0,0,0,0,0,0,0,0,0,0,0,1,0,0,0,0,0,0,0,0,0,0,0,0,0,0,0,0,0,0,0,0,0,0,0,0,0,0,0,0,0,1,0,0,0,1,0,0,1,0,0,0,0,0,0,1,0,0,0,0,1,0,0,1,0,0,1,3,0,0,0,0,0,1,1,2,0,0,0,55,0,0,0,0,0,0,0,0,1,55,0,0,0,0,2,0,2,2,0,0,0,0,0,1,0,0,0,0,0,0,0,0,0,0,1,0,1,0,0,0,0,0,0,0,0,0,0,0,1,0,0,0,0,0,0,0,0,0,0,0,0,0,0,0,0,0,0,0,0,0,0,0,0,0,0,0,1,0,0,0,0,0,0,0,1,0,0,0,0,1,1,1,0,0,0,0,0,0,0,0,1
1126677792,0,0,0,1,0,0,0,0,0,0,8,2,0,100,0,2,0,0,0,0,0,0,1,151,0,0,2,27,1,0,0,10,9,0,1,0,0,13,0,0,0,0,0,0,0,0,0,0,0,1,0,3,0,3,0,3,3,0,0,0,0,0,0,0,0,0,0,0,0,1,0,0,0,0,0,0,0,4,6,0,0,0,3,0,9,0,0,9,8,0,17,0,1,0,0,0,0,0,0,0,2,0,2,0,0,0,0,0,15,0,0,1,4,0,0,1,0,0,0,0,0,0,0,0,0,0,0,0,0,0,0,0,0,4,19,0,0,1,0,0,1,7,13,0,0,0,83,0,0,0,0,4,0,0,0,8,83,1,0,0,0,67,35,15,15,0,0,0,0,0,14,0,0,0,0,0,0,3,0,0,0,4,0,6,0,0,0,0,3,0,0,0,0,0,0,9,0,0,9,0,0,0,0,0,0,0,0,0,8,6,0,8,0,10,0,6,2,10,0,1,0,3,0,1,0,0,0,0,2,0,1,1,0,0,0,0,14,8,6,0,0,0,2,0,0,0,0,9
1126679333,0,0,0,0,0,0,0,0,0,4,0,0,0,15,0,3,0,0,0,0,0,0,0,28,0,0,0,11,0,0,0,0,0,0,0,0,0,2,0,0,0,0,0,0,0,0,0,0,0,0,0,0,0,0,0,0,0,0,0,0,0,0,0,0,0,0,0,0,0,1,0,0,0,0,0,0,0,1,3,0,0,0,0,0,0,0,0,0,0,0,6,0,0,0,0,0,0,0,0,0,0,0,0,0,0,0,0,0,2,0,0,0,0,0,0,1,0,0,0,0,0,0,4,1,1,0,1,4,0,0,3,0,0,0,8,0,0,0,0,0,1,3,5,0,0,0,77,0,0,0,0,3,0,0,0,3,77,0,0,0,0,4,0,5,5,0,0,0,0,0,2,0,0,0,0,0,0,0,0,0,0,3,0,3,0,0,0,0,0,0,0,0,0,0,0,0,3,0,0,0,0,0,0,0,0,0,0,0,0,0,0,0,0,0,0,0,0,0,0,0,0,0,0,1,0,0,0,0,0,0,0,1,0,0,0,0,3,1,1,0,0,0,0,0,0,0,0,3
1126680666,0,0,0,0,0,1,0,0,0,0,3,1,0,23,0,1,0,0,0,0,0,0,0,48,0,0,0,23,1,0,0,1,5,0,0,0,0,4,1,0,0,0,1,1,1,1,0,1,1,0,0,0,0,0,0,1,1,0,0,0,0,0,0,0,0,0,0,0,0,0,0,0,0,0,0,0,0,0,3,0,0,0,0,0,5,0,1,3,2,0,10,0,2,0,0,0,0,1,1,1,2,1,4,0,0,0,0,0,5,0,0,0,5,1,0,1,0,0,0,0,0,0,0,0,0,0,0,0,0,0,0,0,0,2,7,0,0,0,0,0,1,7,9,0,0,0,91,0,0,0,0,3,0,0,0,7,91,0,0,0,0,5,1,9,9,0,0,0,0,0,8,0,0,0,0,0,0,1,1,0,1,2,0,5,0,0,0,0,0,0,0,0,0,1,1,4,1,0,5,0,0,0,0,0,0,0,0,0,2,2,0,2,0,4,0,2,2,4,0,0,0,3,0,1,0,0,0,0,0,0,0,1,0,0,0,0,6,3,2,0,0,0,1,0,0,0,0,3
1126681133,0,0,0,0,0,0,0,0,0,1,0,0,0,3,0,0,0,0,0,0,0,0,0,9,0,0,0,9,1,0,0,0,1,0,0,0,0,1,0,0,0,0,0,0,0,0,0,0,0,0,0,0,0,0,0,0,0,0,0,0,0,0,0,0,0,0,0,0,0,0,0,0,0,0,0,0,0,0,1,0,0,0,0,0,0,0,0,0,0,0,0,0,0,0,0,0,0,0,0,0,0,0,0,12,0,0,0,0,1,0,0,0,1,0,0,1,0,0,0,0,0,0,1,1,0,0,1,1,0,0,0,0,0,0,2,0,0,0,0,0,1,1,1,0,0,0,136,0,0,0,0,0,0,0,0,1,136,0,0,0,0,1,0,1,1,0,0,0,0,0,1,0,0,0,0,0,0,0,0,0,0,1,0,1,0,0,0,0,0,0,0,0,0,0,0,0,1,0,0,0,0,0,0,0,0,0,0,0,0,0,0,0,0,0,0,0,0,0,0,0,0,0,0,1,0,0,0,0,0,0,0,1,0,0,0,0,1,1,1,0,0,0,0,0,0,0,0,1
1126681471,0,0,0,0,0,1,0,0,0,0,5,0,0,167,0,1,0,0,0,1,0,0,0,159,0,0,0,28,1,0,0,1,4,0,1,0,0,8,1,0,0,0,0,0,0,0,0,0,0,0,0,1,0,1,0,8,25,0,0,0,0,0,0,0,0,0,0,0,0,0,0,0,0,0,0,0,0,2,3,0,0,0,1,0,6,0,1,5,4,0,66,0,4,0,0,0,0,0,0,0,0,0,12,0,0,0,0,0,14,0,17,0,4,5,0,1,0,0,0,0,0,0,0,0,0,0,0,0,0,0,0,0,0,2,10,0,0,0,0,0,1,6,14,0,1,0,156,0,0,0,0,4,3,0,0,6,156,0,0,0,0,39,26,14,14,0,0,0,0,0,13,0,0,0,0,0,0,0,1,0,0,2,1,6,0,0,0,0,0,0,0,0,0,1,1,3,3,0,6,1,0,0,0,0,34,2,0,0,2,3,2,2,0,5,2,3,1,5,0,0,0,5,0,1,0,0,0,0,0,0,0,1,0,0,0,0,9,11,3,0,0,0,2,0,0,0,0,5
1126683202,0,0,0,0,0,0,0,0,0,1,0,0,0,5,0,0,0,0,0,0,0,0,0,7,0,0,0,9,4,0,0,0,0,0,0,0,0,4,0,0,0,0,0,0,0,0,0,0,0,0,0,0,0,0,0,0,0,0,0,0,0,0,0,0,0,0,0,0,0,0,0,0,0,0,0,0,0,0,0,0,0,0,0,0,0,0,0,0,0,0,1,0,0,0,0,0,0,0,0,0,0,0,0,0,0,0,0,0,0,0,0,0,0,0,0,1,0,0,0,0,0,0,1,0,1,1,0,1,1,0,0,0,0,0,2,0,0,0,0,0,1,1,7,0,0,0,64,0,0,0,0,0,0,0,0,1,64,0,0,0,0,1,0,7,7,0,0,0,0,0,7,0,0,0,0,0,0,0,0,0,0,0,0,1,0,0,0,0,0,0,0,0,0,0,0,0,1,0,0,0,0,0,0,0,0,0,0,0,0,0,0,0,0,0,0,0,0,0,0,0,0,0,0,1,0,0,0,0,0,0,0,1,0,0,0,0,1,1,1,0,0,0,0,0,0,0,0,0
1126685792,0,0,0,0,0,0,1,0,0,0,5,1,0,32,0,1,0,0,0,0,0,0,0,55,0,0,0,22,2,0,0,0,4,0,0,0,0,13,0,0,0,0,0,0,0,0,0,0,0,0,0,0,0,0,0,2,2,1,0,1,1,0,0,0,1,0,0,0,0,0,0,0,0,0,0,0,0,0,3,0,0,0,0,0,6,0,5,5,0,0,6,0,0,0,0,0,0,0,0,0,0,0,0,0,0,0,0,0,4,0,0,0,4,0,0,1,0,0,0,0,0,0,0,0,0,0,0,0,0,0,0,0,0,2,11,0,0,0,0,0,1,8,19,0,0,0,88,0,0,0,0,1,0,0,0,8,88,0,0,0,0,11,5,19,19,0,0,0,0,0,13,0,0,0,0,0,0,0,0,0,0,1,0,6,0,0,0,0,0,1,1,0,0,0,0,3,3,0,6,0,0,0,0,0,0,0,0,0,4,5,1,4,0,6,1,5,1,6,0,0,0,2,0,1,0,0,0,0,0,1,0,1,0,0,0,0,13,1,1,0,0,0,1,0,0,0,0,0
1126686239,0,0,0,0,0,1,4,4,0,2,0,0,0,234,0,0,0,0,0,0,0,0,0,101,1,0,0,27,0,0,0,1,7,0,0,0,0,10,0,1,0,0,0,0,0,0,0,0,0,0,0,0,0,0,0,0,0,3,5,4,4,0,0,0,4,0,0,0,0,1,3,4,1,3,4,1,4,1,5,0,0,0,0,0,3,0,1,0,0,0,15,0,2,0,0,0,0,13,1,13,24,1,0,0,0,0,0,0,7,0,0,0,6,0,0,1,0,0,0,0,0,6,2,1,1,1,1,2,1,0,0,0,0,2,4,0,0,0,0,2,1,15,17,0,1,0,130,1,0,0,0,1,0,0,0,15,130,1,0,0,0,68,8,18,18,0,0,0,0,0,17,0,0,0,0,0,0,0,1,0,0,11,1,5,0,0,0,9,0,4,4,2,0,1,0,4,3,0,3,1,2,0,0,2,0,0,0,2,0,0,0,0,0,0,0,0,0,0,0,1,0,2,0,1,0,0,0,0,0,0,0,1,0,0,0,0,28,6,4,0,0,0,1,0,0,0,0,5
1126686359,0,0,0,0,0,2,0,8,0,0,0,4,0,61,1,0,0,0,0,0,0,0,0,99,0,0,1,24,2,0,0,0,6,0,0,0,0,14,2,0,0,0,0,0,0,0,0,0,0,0,0,0,0,0,0,2,2,0,0,0,0,0,0,0,0,0,1,0,0,1,8,7,0,8,8,0,1,1,3,0,0,0,0,1,6,0,3,0,0,0,30,0,3,0,0,0,0,0,0,0,0,0,10,0,0,1,1,0,22,0,2,0,6,5,0,1,0,0,0,0,0,0,0,0,0,0,0,0,0,0,0,0,0,2,9,0,0,0,0,0,1,14,35,0,1,0,187,0,0,0,0,9,0,0,0,14,186,0,0,0,0,9,4,35,35,2,0,0,0,0,32,1,0,0,0,1,0,7,2,0,1,2,1,6,1,1,0,7,0,0,0,0,0,2,1,4,2,0,6,1,0,0,0,0,0,0,0,0,4,4,0,4,0,4,0,4,0,4,0,0,0,5,1,2,0,2,0,0,1,16,1,1,0,0,0,0,19,20,8,3,2,0,0,0,0,0,0,2
1126688859,0,0,0,0,0,6,9,0,0,0,0,2,0,34,0,0,0,0,0,0,0,0,0,74,0,0,0,24,1,0,0,6,5,0,0,0,0,4,5,1,0,0,0,0,0,0,0,0,0,0,0,0,0,0,0,6,9,9,0,9,7,0,0,0,7,0,0,0,1,0,0,0,0,0,0,0,0,2,6,0,0,0,0,0,8,0,0,0,0,0,9,0,2,0,0,0,0,0,0,0,1,0,0,0,0,0,0,0,12,0,3,0,5,0,0,1,0,0,0,0,0,0,0,0,0,0,0,0,0,0,0,0,0,3,4,0,0,0,0,2,1,5,7,0,1,0,130,0,0,0,0,1,0,0,0,5,130,0,0,0,0,11,8,7,7,0,0,0,1,0,5,0,0,0,0,1,0,7,9,0,6,3,5,6,0,0,0,0,0,8,8,2,0,6,6,6,4,0,8,0,0,0,0,0,0,0,0,0,1,2,1,1,0,2,1,2,0,2,0,2,0,3,0,1,0,0,0,0,0,5,0,1,0,0,0,0,16,3,1,0,0,0,2,0,0,0,0,14
1126689731,0,0,0,0,0,0,0,0,0,1,0,2,0,19,0,0,0,0,0,0,0,0,0,32,1,0,0,15,1,0,0,0,0,0,1,0,0,2,0,0,0,0,0,0,0,0,0,0,0,0,0,1,0,1,0,0,0,0,0,0,0,0,0,0,0,0,0,0,0,0,0,0,0,0,0,0,0,1,1,0,0,0,1,0,2,0,0,0,0,0,2,0,1,0,0,0,0,10,1,10,13,1,0,0,0,0,0,0,7,0,0,0,0,0,0,1,0,0,0,0,0,0,1,1,1,0,1,1,0,0,0,0,0,1,12,0,0,0,0,0,1,4,6,0,1,0,87,0,0,0,0,1,0,0,0,4,87,2,0,0,0,7,0,8,8,0,0,0,0,0,8,0,0,0,0,0,0,0,0,0,0,1,0,3,0,0,0,0,0,0,0,0,0,0,0,1,2,0,2,0,0,0,0,0,0,0,0,0,1,1,0,1,0,2,0,1,1,2,0,0,0,0,0,1,0,0,0,0,0,2,0,1,0,0,0,0,4,6,3,0,0,0,0,0,0,0,0,1
1126689770,0,0,0,0,0,0,0,0,0,0,10,0,0,48,0,0,0,0,0,0,0,0,0,83,0,0,0,13,1,0,0,0,14,0,0,0,0,14,0,0,0,0,0,0,0,0,0,0,0,0,0,0,0,0,0,2,2,0,0,0,0,0,0,0,0,0,0,0,0,0,0,0,0,0,0,0,0,0,3,0,0,0,0,0,10,0,9,10,1,0,3,0,0,0,0,0,0,0,0,0,2,0,0,5,0,0,0,0,4,0,0,1,10,0,0,1,0,0,0,0,0,0,0,0,0,0,0,0,0,0,0,0,0,0,22,0,0,0,0,0,1,9,21,0,0,0,164,0,0,0,0,7,0,0,0,9,126,0,0,0,0,17,5,21,21,1,0,0,0,0,21,0,0,0,0,0,0,0,0,0,0,0,0,10,0,0,0,0,0,0,0,0,0,0,0,0,10,0,10,0,0,0,0,0,0,0,0,0,8,10,2,8,0,10,2,10,0,10,0,0,0,0,0,1,0,0,0,0,0,9,0,1,0,0,0,0,15,1,1,0,0,0,1,0,0,0,0,1
1126699429,0,0,0,1,0,0,0,0,0,1,0,1,0,10,0,1,0,0,0,0,0,0,0,17,0,0,0,14,1,0,0,0,0,0,0,0,0,2,0,0,0,0,0,0,0,0,0,0,0,0,0,0,0,0,0,0,0,0,0,0,0,0,0,0,0,0,0,0,0,0,0,0,0,0,0,0,0,0,1,0,0,0,0,0,1,0,0,0,0,0,5,0,1,0,0,0,0,0,0,0,0,0,0,0,0,0,0,0,4,0,0,0,0,0,0,1,0,0,0,0,0,0,1,0,0,0,0,1,0,0,1,0,0,1,9,0,0,0,0,0,1,3,5,0,0,0,170,0,0,0,0,0,0,0,0,3,170,0,0,0,0,2,0,5,5,0,0,0,0,0,3,1,0,0,0,0,0,0,0,0,0,2,0,2,0,0,0,0,0,0,0,0,0,0,0,1,1,0,1,0,0,0,0,0,0,0,0,0,0,0,0,0,0,1,0,0,1,1,0,0,0,0,0,1,0,1,0,0,0,0,0,1,0,0,0,0,2,6,6,0,0,0,0,0,0,0,0,1
1126703292,0,0,0,0,0,0,0,0,0,0,2,0,0,152,0,0,0,0,0,0,0,0,0,44,0,0,0,14,1,0,0,0,11,0,0,0,0,4,0,0,0,0,0,0,0,0,0,0,0,0,0,0,0,0,0,0,0,0,0,0,0,0,0,0,0,0,0,0,0,0,0,0,0,0,0,0,0,0,1,0,0,0,0,0,2,0,2,2,0,0,0,0,0,0,0,0,0,0,0,0,0,0,0,11,1,0,0,0,1,0,0,0,8,0,0,1,0,0,0,0,0,0,0,0,0,0,0,0,0,0,0,0,0,1,4,0,0,0,0,0,1,4,8,0,0,0,68,0,0,0,0,0,0,0,0,4,68,0,0,0,0,2,0,8,8,0,0,0,0,0,6,0,0,0,0,0,0,0,0,0,0,0,0,2,0,0,0,0,0,0,0,0,0,0,0,1,1,0,2,0,0,0,0,0,8,0,0,0,2,2,0,2,0,2,0,2,0,2,0,0,0,0,0,1,0,0,0,0,0,0,0,1,0,0,0,0,2,1,1,0,0,0,0,0,7,0,0,0
1126705977,0,0,0,0,0,0,0,0,0,0,1,0,0,3,0,0,0,0,0,0,0,0,0,12,0,0,0,13,1,0,0,0,1,0,0,0,0,1,0,0,0,0,0,0,0,0,0,0,0,0,0,0,0,0,0,0,0,0,0,0,0,0,0,0,0,0,0,0,0,0,0,0,0,0,0,0,0,0,1,0,0,0,0,0,1,0,1,1,0,0,0,0,0,0,0,0,0,0,0,0,0,0,0,0,0,0,0,0,1,0,0,0,1,0,0,1,0,0,0,0,0,0,0,0,0,0,0,0,0,0,0,0,0,1,2,0,0,0,0,0,1,2,2,0,0,0,205,0,0,0,0,1,0,0,0,2,205,0,0,0,0,1,0,2,2,0,0,0,0,0,2,0,0,0,0,0,0,0,0,0,0,0,0,1,0,0,0,0,0,0,0,0,0,0,0,1,0,0,1,0,0,0,0,0,0,0,0,0,1,1,0,1,0,1,0,1,0,1,0,0,0,0,0,1,0,0,0,0,0,0,0,1,0,0,0,0,1,1,1,0,0,0,0,0,0,0,0,0
1126706993,0,0,0,0,0,1,0,0,0,0,6,0,0,40,0,0,0,0,0,0,0,0,0,87,0,0,1,23,4,0,0,0,0,0,0,0,0,12,1,0,0,0,0,0,0,0,0,0,0,0,0,0,0,0,0,0,0,0,0,0,0,0,0,0,0,0,0,0,0,0,0,0,0,0,0,0,0,0,3,0,0,0,0,0,7,0,2,6,4,0,9,0,2,0,0,0,0,0,0,0,0,0,0,0,0,0,0,0,5,0,0,0,0,0,0,1,0,0,0,0,0,0,0,0,0,0,0,0,0,0,0,0,0,2,12,0,0,0,0,0,1,5,18,0,0,0,70,0,0,0,0,5,0,0,0,5,70,0,0,0,0,8,2,18,18,0,0,0,0,0,17,0,0,0,0,0,0,3,1,1,1,3,0,7,0,0,0,0,0,0,0,0,0,1,1,4,3,0,7,0,1,0,0,1,0,0,0,1,5,3,0,5,0,6,0,3,1,6,0,0,0,2,0,1,0,0,0,0,1,6,0,1,0,0,0,0,9,1,1,0,0,0,1,0,0,0,0,4
1126707382,0,0,0,0,0,0,0,0,0,0,1,0,0,55,0,0,0,0,0,0,0,0,0,62,0,0,0,12,1,0,0,2,2,0,0,0,0,10,0,0,0,0,0,0,0,0,0,0,0,24,0,0,0,0,0,1,1,0,0,0,0,0,0,0,0,0,0,0,0,1,0,0,0,0,0,0,0,0,0,0,0,0,0,0,1,0,1,1,0,0,10,0,2,0,0,1,0,0,0,0,0,0,0,2,2,0,0,0,0,0,0,0,2,0,0,1,0,0,0,0,0,0,0,0,0,0,0,0,0,0,0,0,0,0,23,0,0,0,0,0,1,2,11,0,0,0,71,0,0,0,0,5,0,1,0,2,69,0,0,0,0,31,2,11,11,1,0,0,0,0,11,0,0,0,0,0,0,0,0,0,0,0,0,1,0,0,0,0,0,0,0,0,0,0,0,0,1,0,1,0,0,0,0,0,5,0,0,0,1,1,0,1,0,1,0,1,0,1,0,0,0,0,0,1,0,0,0,0,0,0,0,1,0,0,0,0,2,2,2,0,0,0,0,0,0,0,0,0
1126710026,0,0,0,0,0,0,6,4,0,2,0,1,0,59,0,0,0,0,0,0,0,0,0,90,0,0,0,13,1,0,0,0,13,0,0,0,0,7,0,0,0,0,0,0,0,0,0,0,0,0,0,0,0,0,0,1,1,6,0,6,4,0,0,0,4,0,0,0,0,1,2,2,0,2,4,0,3,0,1,0,0,0,0,0,0,0,0,0,0,0,24,0,2,0,0,0,0,0,0,0,2,0,0,0,0,0,0,0,3,0,0,0,13,0,0,1,0,0,0,0,0,0,2,2,1,0,2,2,0,10,0,0,0,0,25,0,0,0,0,0,1,10,11,0,0,0,113,0,0,0,0,4,0,0,0,10,113,0,1,0,0,19,6,11,11,0,0,0,0,0,11,0,0,0,0,0,0,0,0,1,0,18,0,2,0,0,0,4,0,5,5,0,0,1,0,0,2,0,0,0,0,0,0,0,0,0,0,0,1,1,0,1,0,1,0,1,0,1,0,0,0,0,0,1,0,0,0,0,0,12,0,1,0,0,0,0,24,7,7,0,0,0,0,0,0,0,0,1
1126713101,0,0,0,0,0,0,0,0,0,1,0,0,0,3,0,0,0,0,0,0,0,0,0,2,0,0,0,9,1,0,0,0,1,0,0,0,0,1,0,0,0,0,0,0,0,0,0,0,0,0,0,0,0,0,0,0,0,0,0,0,0,0,0,0,0,0,0,0,0,0,0,0,0,0,0,0,0,0,0,0,0,0,0,0,0,0,0,0,0,0,0,0,0,0,0,0,0,0,0,0,0,0,0,0,0,0,0,0,0,0,0,0,1,0,0,1,0,0,0,0,0,0,1,1,1,0,1,1,0,0,0,0,0,0,2,0,0,0,0,0,1,1,2,0,0,0,318,0,0,0,0,0,0,0,0,1,318,0,0,0,0,1,0,2,2,0,0,0,0,0,1,0,0,0,0,0,0,0,0,0,0,0,0,1,0,0,0,0,0,0,0,0,0,0,0,0,1,0,0,0,0,0,0,0,0,0,0,0,0,0,0,0,0,0,0,0,0,0,0,0,0,0,0,1,0,0,0,0,0,0,0,1,0,0,0,0,1,1,1,0,0,0,0,0,0,0,0,0
1126714099,0,1,2,0,0,8,29,6,0,0,0,10,1,487,3,0,0,0,0,2,0,0,2,892,257,0,2,26,5,0,0,0,15,0,1,0,0,213,8,0,0,0,0,0,0,0,0,0,0,0,3,7,1,6,1,2,6,29,16,26,23,0,3,0,23,1,0,4,0,1,4,6,2,4,6,2,10,5,9,4,0,0,6,0,18,2,8,0,0,0,137,1,4,1,0,0,0,5,5,7,13,7,0,0,0,0,0,0,51,0,28,1,11,0,0,1,0,0,0,0,0,0,0,0,0,0,0,0,0,0,0,0,0,5,37,0,0,0,15,7,1,22,29,1,1,0,336,17,0,0,0,3,0,0,0,23,331,302,0,0,0,250,227,332,332,0,0,0,0,0,319,1,0,0,0,1,0,12,7,4,8,53,0,10,0,0,2,6,3,24,24,10,0,7,7,14,11,1,18,1,0,0,0,1,0,0,0,1,9,7,0,9,0,10,0,7,1,10,4,1,0,5,0,1,1,9,0,0,6,2,0,1,0,0,0,18,258,68,53,6,4,1,2,0,0,0,0,31
1126716871,0,0,0,0,0,0,0,0,0,0,1,0,0,3,0,0,0,0,0,0,0,0,0,8,0,0,0,13,1,0,0,0,0,0,0,0,0,1,0,0,0,0,0,0,0,0,0,0,0,0,0,0,0,0,0,0,0,0,0,0,0,0,0,0,0,0,0,0,0,0,0,0,0,0,0,0,0,0,1,0,0,0,0,0,1,0,0,1,1,0,0,0,0,0,0,0,0,0,0,0,1,0,0,0,0,0,0,0,1,0,0,0,0,0,0,1,0,0,0,0,0,0,0,0,0,0,0,0,0,0,0,0,0,1,2,0,0,0,0,0,1,3,3,0,0,0,153,0,0,0,0,2,0,0,0,3,153,0,0,0,0,1,0,3,3,0,0,0,0,0,2,0,0,0,0,0,0,0,0,0,0,0,0,1,0,0,0,0,0,0,0,0,0,0,0,1,0,0,1,0,0,0,0,0,0,0,0,0,0,1,1,0,0,1,1,1,0,1,0,0,0,0,0,1,0,0,0,0,0,0,0,1,0,0,0,0,1,1,1,0,0,0,0,0,0,0,0,1
1126719726,0,1,1,0,0,4,12,0,0,1,0,0,0,49,0,0,0,0,0,1,0,0,0,99,0,0,0,26,1,0,0,0,1,0,0,0,0,3,4,0,0,0,0,0,0,0,0,0,0,0,0,0,0,0,0,4,16,11,2,12,11,0,0,0,11,0,0,0,2,0,0,0,0,0,0,0,0,2,6,0,0,0,0,0,4,0,0,0,0,0,17,0,2,0,0,0,0,0,0,0,0,0,1,0,0,0,0,0,11,0,12,0,1,0,0,1,0,0,0,0,0,0,1,0,1,1,0,1,1,0,0,0,0,3,10,0,0,0,0,5,1,7,7,0,1,0,123,0,0,0,0,1,0,0,0,7,123,0,0,0,0,19,15,7,7,0,0,0,0,0,5,0,0,0,0,0,0,5,6,1,3,3,5,5,0,0,1,0,1,11,11,5,0,4,4,8,2,0,4,2,0,0,0,1,0,0,0,1,0,0,0,0,0,0,0,0,0,0,0,3,0,3,0,1,0,0,0,0,0,1,0,1,0,0,0,0,21,5,3,0,0,1,2,0,0,0,0,14
1126724483,0,0,0,0,0,0,0,0,0,0,2,0,0,11,0,0,0,0,0,0,0,0,0,30,1,0,0,13,1,0,0,0,0,0,0,0,0,1,0,0,0,0,0,0,0,0,0,0,0,0,0,0,0,0,0,0,0,0,0,0,0,0,0,0,0,0,0,0,0,0,0,0,0,0,0,0,0,0,1,0,0,0,0,0,1,0,1,2,0,0,0,0,0,0,0,0,0,0,0,0,0,0,0,0,0,0,0,0,1,0,0,0,0,0,0,1,0,0,0,0,0,0,0,0,0,0,0,0,0,0,0,0,0,1,5,0,0,0,0,0,1,1,3,0,0,0,452,0,0,0,0,1,0,0,0,1,452,1,0,0,0,3,0,4,4,0,0,0,0,0,4,0,0,0,0,0,0,0,0,0,0,0,0,1,0,0,0,0,0,0,0,0,0,0,0,1,0,0,1,0,0,0,0,0,0,0,0,0,2,2,0,2,0,2,0,2,0,2,0,0,0,0,0,1,0,0,0,0,0,0,0,1,0,0,0,0,5,1,1,0,0,0,0,0,0,0,0,0
1126725616,0,0,0,0,0,1,1,0,0,1,0,0,0,42,0,0,0,0,0,0,0,0,1,49,0,0,0,15,1,0,0,0,3,0,0,0,0,2,1,0,0,0,0,0,0,0,0,0,0,0,0,1,0,1,0,4,4,0,0,1,1,0,0,0,1,1,0,0,0,1,0,0,0,0,0,0,0,1,2,1,0,0,1,0,0,0,0,0,0,0,4,0,1,0,0,0,0,0,0,0,0,0,0,0,0,0,0,0,7,0,2,0,3,0,0,1,0,0,0,0,0,0,1,1,1,0,1,1,0,0,0,0,0,1,9,0,0,0,0,0,1,3,3,0,1,0,78,0,0,0,0,1,0,0,0,3,78,0,0,0,0,1,0,3,3,0,0,0,0,0,3,0,0,0,0,0,0,0,1,0,0,0,1,1,0,0,0,0,0,1,1,0,0,0,0,1,0,0,0,2,0,0,0,0,0,0,0,0,0,0,0,0,0,0,0,0,0,0,0,0,0,0,0,1,0,0,0,0,0,5,0,1,0,0,0,0,2,6,3,0,0,0,0,0,0,0,0,1
1126728345,0,0,0,0,0,1,0,0,0,5,0,0,0,41,0,1,0,0,0,0,0,0,2,74,4,0,0,23,1,0,0,0,3,1,0,0,0,5,1,0,0,0,0,0,0,0,0,0,0,0,0,2,0,2,0,6,6,0,0,0,0,0,0,0,0,0,0,0,0,0,0,0,0,0,0,0,0,4,5,2,0,0,2,0,1,0,0,0,0,0,5,0,0,0,0,0,0,0,0,0,0,0,1,12,0,0,0,0,14,0,5,0,3,0,0,1,0,0,0,0,0,0,5,3,4,1,3,5,1,1,1,0,0,2,30,0,0,0,0,0,1,5,9,0,1,0,105,0,0,0,0,4,0,0,0,5,105,4,0,0,0,14,0,13,13,0,0,0,0,0,11,0,0,0,0,0,0,1,1,0,1,2,0,6,0,0,0,0,0,0,0,0,0,1,1,5,1,0,1,0,0,0,0,0,0,0,0,0,0,0,0,0,0,0,0,0,0,0,0,0,0,2,0,1,0,0,0,0,0,0,0,1,0,0,0,0,11,9,5,0,0,0,0,1,3,0,0,1
1126731484,0,0,0,0,0,6,0,0,0,0,2,1,0,65,0,1,0,0,0,0,0,0,0,93,0,0,0,30,1,0,0,0,4,0,0,0,0,2,5,1,0,0,0,0,0,0,0,0,0,0,0,1,0,1,0,2,78,0,0,0,0,0,0,0,0,0,0,0,1,1,0,0,0,0,0,0,0,2,4,0,0,0,1,0,10,0,1,2,2,0,26,0,4,0,0,0,0,0,0,0,1,0,1,8,0,0,0,0,14,0,76,0,4,0,0,1,0,0,0,0,0,0,0,0,0,0,0,0,0,0,0,0,0,2,5,0,0,0,0,0,1,6,9,0,1,0,131,0,0,0,0,1,0,0,0,6,131,0,0,0,0,45,8,9,9,0,0,0,0,0,6,0,0,0,0,0,0,0,6,0,0,1,6,8,0,0,0,0,0,0,0,0,0,6,5,5,5,0,10,7,0,0,0,0,0,0,0,0,2,2,0,2,0,3,0,2,1,3,0,1,0,2,0,1,0,0,0,0,0,0,1,1,0,0,0,0,10,6,3,0,0,0,2,0,0,0,0,5
1126732732,0,0,0,0,0,0,0,0,0,5,0,0,0,24,0,1,0,0,0,0,0,0,0,54,0,0,0,23,1,0,1,0,0,0,0,0,0,7,0,0,0,0,0,0,0,0,0,0,0,0,0,0,0,0,0,0,0,0,0,0,0,0,0,0,0,0,0,0,0,0,0,0,0,0,0,0,0,2,3,0,0,0,0,0,0,0,0,0,0,1,9,0,0,0,0,0,0,0,0,0,2,0,1,0,0,0,0,0,5,0,0,0,0,0,0,1,0,0,0,0,0,0,5,4,4,0,4,5,0,1,1,0,0,2,27,0,0,0,0,0,1,4,10,0,0,0,123,0,0,0,0,0,0,0,0,4,122,0,0,0,0,9,0,10,10,2,0,0,0,0,10,0,0,0,0,0,0,0,0,0,0,2,0,5,0,0,0,0,0,0,0,0,0,0,0,4,1,0,0,0,0,0,0,0,0,0,0,0,0,0,0,0,0,0,0,0,0,0,0,0,0,2,0,1,0,0,0,0,0,0,0,1,0,0,0,0,6,2,2,0,0,0,1,0,0,0,0,4
1126743036,0,1,2,0,0,1,5,0,0,1,0,0,0,29,0,1,0,0,0,1,0,0,0,66,0,0,0,25,2,0,0,0,2,0,1,0,0,2,1,0,0,0,0,0,0,0,0,0,0,0,0,1,0,1,0,1,1,0,0,5,3,0,0,0,3,0,0,0,0,0,0,0,0,0,0,0,0,2,5,1,0,0,1,0,0,0,0,0,0,0,7,0,1,0,0,0,1,0,0,0,0,0,0,6,0,0,0,0,11,0,2,0,2,0,0,1,0,0,0,0,0,0,1,0,0,0,0,1,0,1,1,0,0,2,11,0,0,0,0,2,1,3,3,0,1,0,281,0,0,0,0,0,0,0,0,3,281,0,0,0,0,19,3,3,3,0,0,0,0,0,2,1,0,0,0,0,0,0,1,0,0,3,1,2,0,0,1,0,0,5,5,2,0,1,1,3,1,0,1,0,2,0,0,0,0,0,0,0,0,0,0,0,0,0,0,0,0,0,0,1,0,2,0,1,0,0,0,0,0,14,1,1,0,0,0,0,11,11,8,0,0,0,1,0,0,0,0,3
1126745373,0,0,0,0,0,0,0,0,0,0,2,2,0,13,0,0,0,0,0,0,0,0,0,24,0,0,0,14,1,0,0,0,1,1,0,0,0,2,0,0,0,0,1,1,1,0,0,1,1,0,0,0,0,0,0,0,0,0,0,0,0,0,0,0,0,0,0,0,0,0,0,0,0,0,0,0,0,0,1,0,0,0,0,0,2,0,1,2,0,0,4,0,1,0,0,0,0,0,0,0,3,0,0,2,0,0,0,0,1,0,0,0,1,0,0,1,0,0,0,0,0,0,0,0,0,0,0,0,0,0,0,0,0,1,17,0,0,0,0,0,1,4,7,0,0,0,72,0,0,0,0,2,0,0,0,4,72,0,0,0,0,16,1,7,7,0,0,0,0,0,5,0,0,0,0,0,0,0,0,0,0,0,0,2,0,0,0,0,0,0,0,0,0,0,0,1,1,0,2,0,0,0,0,0,0,0,0,0,3,4,1,3,0,4,1,4,0,4,0,0,0,0,0,1,0,0,0,0,0,0,0,1,0,0,0,0,3,2,2,0,0,0,0,0,0,0,0,0
1126749422,19,0,0,0,0,2,7,3,0,35,11,0,1,1591,0,11,0,0,0,0,0,0,6,1762,874,1,3,23,30,0,1,2,13,0,1,0,0,784,2,0,0,1,0,0,0,0,0,0,0,0,0,2,0,2,0,1,1,7,5,7,6,0,0,0,6,0,0,0,0,1,3,2,0,3,3,0,46,3,7,0,0,1,2,0,12,0,9,11,1,0,309,0,7,0,0,0,1,11,0,11,16,0,9,0,0,0,0,0,41,0,2,1,9,2,0,1,0,0,0,0,0,0,35,14,23,10,14,35,10,172,11,3,7,5,1880,0,0,0,0,0,1,43,82,7,1,0,1225,1,0,0,1,11,0,0,0,44,1222,1076,0,0,0,1413,322,1166,1166,2,0,0,0,0,1121,0,0,0,0,0,0,8,5,0,2,240,4,9,0,0,0,3,19,7,7,2,0,2,0,20,18,1,12,1,3,0,0,10,0,0,0,1,6,9,4,6,2,11,4,9,1,11,1,0,0,5,0,1,0,0,0,0,5,5,0,1,0,5,0,0,504,17,10,1,1,1,1,0,0,0,0,12
1126752240,0,0,0,0,0,1,0,0,0,1,0,0,0,12,0,0,0,0,0,0,0,0,0,25,0,0,0,10,1,0,0,0,0,0,0,0,0,3,1,0,0,0,0,0,0,0,0,0,0,0,0,0,0,0,0,1,6,0,0,0,0,0,0,0,0,0,0,0,0,0,0,0,0,0,0,0,0,0,1,0,0,0,0,0,1,0,0,0,0,0,1,0,1,0,0,0,0,0,0,0,1,0,0,0,0,0,0,0,5,0,5,0,0,0,0,1,0,0,0,0,0,0,1,1,1,0,1,1,0,0,0,0,0,0,3,0,0,0,0,0,1,3,8,0,1,0,53,0,0,0,0,0,0,0,0,3,51,1,0,0,0,2,0,9,9,0,0,0,0,0,5,0,0,0,0,0,0,4,5,1,1,0,5,2,0,0,0,0,0,0,0,0,0,1,1,0,2,0,1,0,0,0,0,0,0,0,0,0,0,0,0,0,0,0,0,0,0,0,0,0,0,0,0,1,0,0,0,0,0,7,0,1,0,0,0,0,3,3,1,0,0,0,0,0,0,0,0,1
1126755733,0,0,0,0,0,1,0,0,0,2,0,0,0,41,0,1,0,0,0,0,0,0,0,60,0,0,0,20,0,0,1,0,0,0,0,0,0,3,1,0,0,0,0,0,0,0,0,0,0,0,1,1,0,1,0,0,0,0,0,0,0,0,0,0,0,0,0,0,0,0,0,0,0,0,0,0,0,2,3,0,0,0,1,0,1,0,0,0,0,0,20,0,1,0,0,0,0,0,0,0,0,0,0,5,0,0,0,0,18,0,0,0,0,0,0,1,0,0,0,0,0,0,2,1,1,0,1,2,0,1,1,0,0,2,27,0,0,0,1,0,1,3,4,0,1,0,55,0,0,0,0,0,0,0,0,3,55,0,0,0,0,3,0,4,4,0,0,0,0,0,4,1,0,0,0,0,0,1,1,0,1,2,0,3,0,0,0,0,0,0,0,0,0,1,0,3,0,0,1,0,0,0,0,0,0,0,0,0,0,0,0,0,0,0,0,0,0,0,0,0,0,2,0,1,0,4,1,1,0,0,0,1,0,0,0,2,4,19,13,0,0,0,0,0,0,0,0,3
1126759025,0,0,0,0,0,0,0,0,0,12,0,0,0,62,0,4,0,0,0,0,0,0,0,157,3,0,0,23,1,0,0,0,1,0,0,0,0,12,0,0,0,0,0,0,0,0,0,0,0,0,0,0,0,0,0,0,0,0,0,0,0,0,0,0,0,0,0,0,0,0,0,0,0,0,0,0,0,0,3,0,0,0,0,0,0,0,0,0,0,0,19,0,3,0,0,0,0,0,0,0,0,0,0,2,0,0,0,0,11,0,0,0,0,0,0,1,0,0,0,0,0,0,12,5,8,3,5,12,3,3,4,0,0,3,56,0,0,0,0,0,1,11,28,0,0,0,112,0,0,0,0,3,0,0,0,11,112,3,0,0,0,24,2,31,31,0,0,0,0,0,28,0,0,0,0,0,0,0,0,0,0,6,0,8,0,0,0,0,2,0,0,0,0,0,0,7,4,0,0,0,0,0,0,0,0,0,0,0,0,0,0,0,0,0,0,0,0,0,0,0,0,3,0,1,0,0,0,0,0,8,1,1,0,0,0,0,31,1,1,0,0,0,1,0,0,0,0,9
1126762912,0,0,0,0,0,0,0,0,0,2,0,0,0,9,0,0,0,0,0,0,0,0,0,0,0,0,0,9,3,0,0,0,0,0,1,0,0,2,0,0,0,0,0,0,0,0,0,0,0,0,0,0,0,0,0,0,0,0,0,0,0,0,0,0,0,0,0,0,0,0,0,0,0,0,0,0,0,0,0,0,0,0,0,0,0,0,0,0,0,0,0,0,0,0,0,0,0,0,0,0,0,0,0,0,0,0,0,0,0,0,0,0,0,0,0,1,0,0,0,0,0,0,2,2,2,0,2,2,0,0,0,0,0,0,5,0,0,0,0,0,1,2,7,0,0,0,56,0,0,0,0,1,0,0,0,2,56,1,0,0,0,3,0,8,8,0,0,0,0,0,8,0,0,0,0,0,0,0,0,0,0,0,0,1,0,0,0,0,0,0,0,0,0,0,0,0,1,0,0,0,0,0,0,0,0,0,0,0,0,0,0,0,0,0,0,0,0,0,0,0,0,0,0,1,0,0,0,0,0,9,0,1,0,0,0,0,1,1,1,0,0,0,0,0,0,0,0,0
1126765261,0,0,0,0,0,0,0,0,0,0,6,0,0,23,0,0,0,0,0,0,0,0,0,38,0,0,0,20,1,0,0,0,2,0,0,0,0,8,0,0,0,0,0,0,0,0,0,0,0,0,0,0,0,0,0,0,0,0,0,0,0,0,0,0,0,0,0,0,0,0,0,0,0,0,0,0,0,0,3,0,0,0,0,0,6,0,2,6,4,0,8,0,1,0,0,0,0,0,0,0,1,0,0,0,0,0,0,0,5,0,0,0,1,0,0,1,0,0,0,0,0,0,0,0,0,0,0,0,0,0,0,0,0,1,15,0,1,0,0,0,1,8,12,0,0,0,56,0,0,0,0,5,0,0,0,8,53,0,0,0,0,10,1,12,12,0,0,0,0,0,12,0,0,0,0,0,0,0,0,0,0,0,0,6,1,1,0,0,0,0,0,0,0,0,0,2,4,0,6,0,0,0,0,0,0,0,0,0,5,6,1,5,0,6,1,6,0,6,0,0,0,0,0,1,0,0,0,0,0,0,0,1,0,0,0,0,7,2,2,0,0,0,1,0,0,0,0,4
1126771233,0,0,0,0,0,0,0,0,0,4,0,0,0,32,0,1,0,0,0,0,0,0,0,50,1,0,0,21,1,0,0,0,1,0,0,0,0,3,0,0,0,0,0,0,0,0,0,0,0,0,0,0,0,0,0,0,0,0,0,0,0,0,0,0,0,0,0,0,0,0,0,0,0,0,0,0,0,0,3,0,0,0,0,0,0,0,0,0,0,0,3,0,1,0,0,0,0,0,0,0,2,0,0,0,0,0,0,0,4,0,0,0,1,0,0,1,0,0,0,0,0,0,4,2,3,1,2,4,1,0,1,0,0,2,9,0,0,0,0,0,1,5,12,0,0,0,75,0,0,0,0,1,0,0,0,5,75,1,0,0,0,4,0,13,13,0,0,0,0,0,12,0,0,0,0,0,0,0,0,0,0,1,0,4,0,0,0,0,0,0,0,0,0,0,0,3,1,0,0,0,0,0,0,0,0,0,0,0,0,0,0,0,0,0,0,0,0,0,0,0,0,2,0,1,0,0,0,0,0,0,0,1,0,0,0,0,6,2,2,0,0,0,0,0,0,0,0,0
1126779446,0,0,0,0,2,0,0,0,0,2,0,0,0,15,0,0,0,0,0,0,0,0,0,27,0,0,0,16,1,0,0,0,10,0,0,0,0,1,0,0,0,0,0,0,0,0,0,0,0,0,0,0,0,0,0,2,3,0,0,0,0,0,0,0,0,0,0,0,0,0,0,0,0,0,0,0,0,0,3,0,0,0,0,0,1,0,0,0,0,0,1,0,1,0,0,0,0,0,0,0,0,0,0,0,0,0,0,0,4,0,1,0,10,0,1,1,0,0,0,0,0,0,2,1,2,1,1,2,1,0,0,0,0,1,31,0,0,0,0,0,1,1,3,0,0,0,104,0,0,0,0,0,0,0,0,1,77,0,0,0,0,37,4,3,3,0,0,0,0,0,3,0,0,0,0,0,0,0,0,0,0,0,0,4,0,0,0,0,0,0,0,0,0,0,0,1,3,0,1,0,0,0,0,0,0,0,0,0,0,0,0,0,0,0,0,0,0,0,0,0,0,0,0,1,0,0,0,0,0,0,0,1,0,0,0,0,5,2,2,0,0,0,0,0,0,0,0,2
1126780381,0,0,0,0,0,0,0,0,0,0,5,0,0,28,0,2,0,0,0,0,0,0,0,13,0,0,0,22,0,0,0,0,1,0,0,1,0,1,0,0,0,0,1,1,1,1,1,1,1,0,0,0,0,0,0,0,0,0,0,0,0,0,0,0,0,0,0,0,0,0,0,0,0,0,0,0,0,0,3,0,0,0,0,0,5,0,4,5,1,0,2,0,2,0,0,0,0,0,0,0,0,0,0,8,0,0,0,0,4,0,0,0,1,0,0,1,0,0,0,0,0,0,0,0,0,0,0,0,0,0,0,0,0,2,23,0,0,0,0,0,1,5,7,0,0,0,55,0,0,0,0,0,0,0,0,5,55,0,0,0,0,18,3,7,7,0,0,0,0,0,7,0,0,0,0,0,0,0,0,0,0,2,0,5,0,0,0,0,0,0,0,0,0,0,0,3,2,0,5,0,0,0,0,0,0,0,0,0,2,3,1,2,0,5,1,3,2,5,4,0,0,2,0,1,0,0,0,0,0,0,0,1,0,0,0,0,8,1,1,0,0,0,0,0,0,0,0,1
1126781961,0,0,0,0,0,0,0,1,0,0,5,0,0,19,0,0,0,0,0,0,0,0,0,67,0,0,0,20,2,0,0,0,0,0,0,0,0,3,0,0,0,0,0,0,0,0,0,0,0,0,0,0,0,0,0,0,0,0,0,0,0,0,0,0,0,0,0,0,0,1,0,0,0,0,1,0,0,1,3,0,0,0,0,0,5,0,2,5,3,0,5,0,1,0,0,0,0,0,0,0,0,0,0,0,0,0,0,0,5,0,0,0,0,0,0,1,0,0,0,0,0,0,0,0,0,0,0,0,0,0,0,0,0,1,10,0,0,0,0,0,1,5,7,0,0,0,129,0,0,0,0,0,0,0,0,5,129,0,0,0,0,5,0,7,7,0,6,5,0,0,7,0,0,0,0,1,0,0,0,0,0,3,0,5,1,1,0,1,0,0,0,0,0,0,0,2,3,0,5,0,0,0,0,0,0,0,0,0,4,3,1,4,0,5,1,3,0,5,0,0,0,0,0,6,0,0,0,0,0,0,0,1,0,0,0,0,6,2,2,0,0,0,1,0,0,0,0,3
1126782685,0,0,0,0,0,0,0,0,0,0,4,0,0,36,0,1,0,0,0,0,0,0,0,13,0,0,0,19,0,0,0,0,2,0,0,1,0,1,0,0,0,0,0,0,0,0,0,0,0,0,0,0,0,0,0,1,2,0,0,0,0,0,0,0,0,0,0,0,0,0,0,0,0,0,0,0,0,0,3,0,0,0,0,0,4,0,4,4,0,0,1,0,0,0,0,0,0,0,0,0,0,0,0,2,0,0,0,0,2,0,1,0,2,0,0,1,0,0,0,0,0,0,0,0,0,0,0,0,0,0,0,0,0,1,20,0,0,0,0,0,1,3,8,0,0,0,63,0,0,0,0,1,0,0,0,3,63,0,0,0,0,20,7,8,8,0,0,0,0,0,8,0,0,0,0,0,0,0,0,0,0,2,0,4,0,0,0,0,0,0,0,0,0,0,0,2,2,0,4,0,0,0,0,0,0,0,0,0,2,2,0,2,0,4,0,2,2,4,3,0,0,0,0,1,0,0,0,0,0,0,0,1,0,0,0,0,11,1,1,0,0,0,0,0,0,0,0,0
1126783132,0,0,0,0,0,0,0,0,0,3,0,0,0,12,0,0,0,0,0,0,0,0,0,27,0,0,0,15,0,0,0,0,0,0,0,0,0,2,0,0,0,0,0,0,0,0,0,0,0,0,0,1,0,1,0,0,0,0,0,0,0,0,0,0,0,0,0,0,0,1,0,0,0,0,0,0,0,2,3,1,0,0,1,0,0,0,0,0,0,0,1,0,1,0,0,0,0,0,0,0,0,0,0,0,0,0,0,0,8,0,2,0,0,0,0,1,0,0,0,0,0,0,3,1,2,2,1,3,2,0,0,0,0,1,9,0,0,0,0,0,1,3,3,0,1,0,112,0,0,0,0,1,0,0,0,3,112,0,0,0,0,3,0,3,3,0,0,0,0,0,3,0,0,0,0,0,0,0,0,0,0,1,0,3,0,0,0,0,0,0,0,0,0,0,0,1,2,0,0,0,0,0,0,0,0,0,0,0,0,0,0,0,0,0,0,0,0,0,0,0,0,0,0,1,0,0,0,0,0,0,0,1,0,0,0,0,3,6,3,0,0,0,0,0,0,0,0,2
1126785934,0,0,0,0,0,0,0,0,0,1,0,0,0,4,0,0,0,0,0,0,0,0,0,12,0,0,0,13,1,0,0,0,0,0,1,0,0,1,0,0,0,0,0,0,0,0,0,0,0,0,0,0,0,0,0,0,0,0,0,0,0,0,0,0,0,0,0,0,0,0,0,0,0,0,0,0,0,0,1,0,0,0,0,0,0,0,0,0,0,0,0,0,0,0,0,0,0,0,0,0,3,0,0,5,0,0,0,0,1,0,0,0,0,0,0,1,0,0,0,0,0,0,1,0,1,1,0,1,1,0,0,0,0,1,4,0,0,0,0,0,1,5,7,0,0,0,116,0,0,0,0,0,0,0,0,5,116,0,0,0,0,3,0,7,7,0,0,0,0,0,5,0,0,0,0,0,0,0,0,0,0,0,0,1,0,0,0,0,0,0,0,0,0,0,0,1,0,0,0,0,0,0,0,0,0,0,0,0,0,0,0,0,0,0,0,0,0,0,0,0,0,0,0,1,0,0,0,0,0,0,0,1,0,0,0,0,1,1,1,0,0,0,0,0,0,0,0,1
1126786854,0,0,0,0,0,0,2,0,0,0,1,0,0,12,0,1,0,0,0,0,0,0,0,22,0,0,0,12,1,0,0,0,2,0,0,0,0,2,0,0,0,0,0,0,0,0,0,0,0,0,0,0,0,0,0,0,0,0,0,2,2,0,0,0,2,0,0,0,0,0,0,0,0,0,0,0,0,0,0,0,0,0,0,0,0,0,0,1,0,0,0,0,0,0,0,0,0,0,0,0,0,0,0,0,0,0,0,0,0,0,0,0,2,0,0,1,0,0,0,0,0,0,0,0,0,0,0,0,0,0,0,0,0,0,3,0,0,0,0,0,1,3,3,0,0,0,53,0,0,0,0,0,0,0,0,3,53,0,0,0,0,5,3,3,3,0,0,0,0,0,3,0,0,0,0,0,0,0,0,0,0,1,0,0,0,0,0,0,0,2,2,0,0,0,0,0,0,0,0,0,0,0,0,0,0,0,0,0,0,0,0,0,0,1,0,0,1,1,0,0,0,0,0,1,0,0,0,0,0,6,0,1,0,0,0,0,2,1,1,0,0,0,0,0,0,0,0,2
1126819156,0,0,0,0,0,0,2,0,0,0,2,0,0,25,0,0,0,0,0,0,0,0,0,47,0,0,0,16,1,0,0,0,2,1,0,0,0,4,0,0,0,0,0,0,0,0,0,0,0,0,0,0,0,0,0,0,0,1,0,2,1,0,0,0,1,0,0,0,0,1,0,0,0,0,0,0,0,1,1,0,0,0,0,0,2,0,1,2,1,0,8,0,1,0,0,0,0,0,0,0,1,0,0,0,0,0,0,0,1,0,0,0,2,0,0,1,0,0,0,0,0,0,0,0,0,0,0,0,0,0,0,0,0,1,4,0,0,0,0,0,1,6,8,0,0,0,207,0,0,0,0,0,0,0,0,6,207,0,0,0,0,2,0,8,8,0,0,0,0,0,7,0,0,0,0,0,0,0,0,0,0,0,0,2,0,0,0,0,0,1,1,0,0,0,0,1,1,0,2,0,0,0,0,0,0,0,0,0,2,2,0,2,0,2,0,2,0,2,0,0,0,0,0,1,0,0,0,0,0,0,1,1,0,0,0,0,4,1,1,0,0,0,0,0,4,0,0,1
1126825574,0,0,0,0,0,0,0,0,0,0,1,0,0,31,0,0,1,3,0,0,0,0,0,43,0,0,0,13,1,0,0,0,2,0,0,0,0,5,0,0,0,0,0,0,0,0,0,0,0,4,0,0,0,0,0,0,0,0,0,0,0,0,0,0,0,0,0,0,0,0,0,0,0,0,0,0,0,0,1,0,0,0,0,0,1,0,1,1,0,0,13,0,1,0,0,0,0,0,0,0,0,0,0,4,0,0,0,0,5,0,0,0,2,0,0,1,0,0,0,0,0,0,0,0,0,0,0,0,0,0,0,0,0,1,2,0,0,0,0,0,1,2,12,0,1,0,53,0,0,0,0,4,0,0,0,2,53,0,0,0,0,4,0,12,12,0,0,0,0,0,9,0,0,0,0,0,0,1,0,0,0,0,0,1,0,0,0,0,0,0,0,0,0,0,0,1,0,0,1,0,0,8,0,0,0,12,0,0,1,1,0,1,0,1,0,1,0,1,0,0,0,0,0,1,0,0,0,0,0,0,0,1,0,0,0,0,1,3,1,0,0,0,0,0,0,0,0,0
1126829119,0,0,0,0,0,0,0,0,0,10,0,1,0,55,0,1,0,0,0,0,0,0,0,133,0,0,0,23,1,0,0,0,3,0,0,0,0,8,0,0,0,0,0,0,0,0,0,0,0,0,0,1,0,1,0,0,0,0,0,0,0,0,0,0,0,0,0,0,0,0,0,0,0,0,0,0,0,2,4,1,0,0,1,0,1,0,0,0,0,0,26,0,4,0,0,0,0,0,0,0,1,0,0,0,0,0,0,0,23,0,2,1,3,0,0,1,0,0,0,0,0,0,10,7,8,2,7,10,2,1,1,0,0,3,53,0,0,0,1,0,1,7,13,0,1,0,58,0,0,0,0,2,0,0,0,7,58,0,0,0,0,12,0,13,13,0,0,0,0,0,12,1,0,0,0,0,0,0,0,0,0,3,0,9,0,0,0,0,0,0,0,0,0,0,0,6,4,0,1,0,0,0,0,0,0,0,0,0,1,1,0,1,0,1,0,1,0,1,0,0,0,3,0,1,0,3,0,0,0,0,0,1,0,0,0,1,13,20,13,1,0,0,1,0,0,0,0,3
1126829674,0,0,0,0,0,0,0,0,0,0,3,0,0,13,0,0,0,0,0,0,0,0,0,16,1,0,0,15,1,0,0,0,2,0,0,0,0,7,0,0,0,0,0,0,0,0,0,0,0,0,0,0,0,0,0,0,0,0,0,0,0,0,0,0,0,0,0,0,0,0,0,0,0,0,0,0,0,0,1,0,0,0,0,0,3,0,2,3,1,0,0,0,1,1,0,0,0,0,0,0,0,0,0,0,0,0,0,0,1,0,0,0,2,0,0,1,0,0,0,0,0,0,0,0,0,0,0,0,0,0,0,0,0,1,6,0,0,0,0,0,1,5,10,0,0,0,76,0,0,0,0,1,0,0,0,5,75,1,0,0,0,6,3,11,11,0,0,0,0,0,10,0,0,0,0,0,0,0,0,0,0,1,0,3,0,0,0,0,0,0,0,0,0,1,0,1,2,0,3,0,0,0,0,0,0,0,0,0,2,2,1,2,0,3,1,2,0,3,0,0,0,0,0,1,0,0,0,0,0,0,0,1,0,0,0,0,6,1,1,0,0,0,0,0,0,0,0,1
1126831896,0,0,0,1,0,0,0,0,0,0,1,0,0,16,0,0,0,0,0,0,2,3,0,35,0,0,0,9,1,0,0,0,0,0,0,0,0,6,0,0,0,0,0,0,0,0,0,0,0,0,0,0,0,0,0,0,0,0,0,0,0,0,0,0,0,0,0,0,0,0,0,0,0,0,0,0,0,0,0,0,0,0,0,1,1,0,1,1,0,0,5,0,2,0,1,0,0,1,1,1,2,1,0,0,0,1,1,1,9,0,0,0,0,0,0,1,0,0,0,0,0,0,0,0,0,0,0,0,0,0,0,0,0,0,2,0,0,0,0,0,1,1,8,0,1,0,70,0,0,0,0,3,0,0,1,1,70,0,0,0,0,1,0,8,8,0,1,0,0,0,8,0,1,1,1,0,0,0,0,0,0,0,0,1,1,1,0,0,0,0,0,0,0,0,0,0,1,0,1,0,0,0,0,0,0,0,0,0,1,1,0,1,0,1,0,1,0,1,0,0,0,0,1,1,0,0,0,0,0,0,1,1,0,0,0,0,1,6,2,0,0,0,0,0,0,0,0,0
1126845744,0,0,0,0,0,0,3,0,0,1,0,0,0,8,0,1,0,0,0,0,0,0,0,21,0,0,0,15,1,0,0,0,2,0,0,0,0,2,0,0,0,0,0,0,0,0,0,0,0,0,0,0,0,0,0,0,0,0,0,3,3,0,0,0,3,0,0,0,0,0,0,0,0,0,0,0,0,0,2,0,0,0,0,0,0,0,0,0,0,0,0,0,2,0,0,0,0,0,0,0,1,0,0,0,0,0,0,0,0,0,0,0,2,0,0,1,0,0,0,0,0,0,1,0,0,0,0,1,0,0,1,0,0,0,2,0,1,0,0,0,1,3,3,0,0,0,64,0,0,0,0,1,0,0,0,3,64,0,0,0,0,4,3,3,3,0,0,0,0,0,3,0,0,0,0,0,0,0,0,0,0,1,0,1,0,0,0,0,0,3,3,0,0,0,0,0,1,0,0,0,0,0,0,0,0,0,0,0,0,0,0,0,0,0,0,0,0,0,0,0,0,0,0,1,0,0,0,0,0,0,0,1,0,0,0,0,4,2,2,0,0,0,0,0,0,0,0,3
1126850240,0,1,1,0,0,0,3,0,0,2,0,0,0,61,0,0,0,0,0,2,0,0,3,102,0,0,0,25,0,0,0,1,4,0,0,0,0,3,0,0,0,0,0,0,0,0,0,0,0,0,0,1,0,1,0,4,47,3,0,3,2,0,0,0,2,0,1,0,0,1,0,0,0,0,0,0,0,3,5,0,0,0,1,0,0,0,0,0,0,0,25,0,3,0,0,0,0,4,1,4,6,1,10,7,0,0,0,0,20,6,58,0,4,5,0,1,0,0,0,0,0,0,2,2,2,0,2,2,0,0,0,0,0,2,5,0,0,0,0,2,1,6,10,0,1,0,67,0,0,0,0,1,0,0,0,6,67,0,0,0,0,23,10,10,10,0,0,0,0,6,10,2,0,0,0,0,0,0,0,0,0,1,0,2,0,0,1,2,0,3,3,0,0,0,0,4,0,0,0,0,0,0,0,0,0,0,0,0,0,0,0,0,0,0,0,0,0,0,0,0,0,5,0,1,1,2,0,0,0,0,0,1,1,0,0,0,8,23,14,0,0,0,1,0,0,0,0,5
1126862477,0,0,0,0,0,0,0,0,0,0,1,1,0,5,0,1,0,0,0,0,0,0,0,9,0,0,0,14,1,0,0,0,0,0,0,0,0,1,0,0,0,0,0,0,0,0,0,0,0,0,0,0,0,0,0,0,0,0,0,0,0,0,0,0,0,0,0,0,0,0,0,0,0,0,0,0,0,0,1,0,0,0,0,0,2,0,0,1,1,0,0,0,0,0,0,0,0,0,0,0,2,0,0,9,0,0,0,0,1,0,0,0,0,0,0,1,0,0,0,0,0,0,0,0,0,0,0,0,0,0,0,0,0,1,3,0,0,0,0,0,1,4,4,0,0,0,61,0,0,0,0,0,0,0,0,4,61,0,0,0,0,2,0,4,4,0,0,0,0,0,3,0,0,0,0,0,0,0,0,0,0,1,0,2,0,0,0,0,0,0,0,0,0,0,0,1,1,0,2,0,0,0,0,0,0,0,0,0,1,1,0,1,0,2,0,1,1,2,0,0,0,0,0,1,0,0,0,0,0,0,0,1,0,0,0,0,3,1,1,0,0,0,0,0,0,0,0,1
