,rank
游戏,183
玩,131
充值,112
卡,89
队友,89
官方,88
举报,84
号,79
球球,76
匹配,76
说,74
希望,72
能不能,68
碎片,68
金蘑菇,67
想,61
你妈,57
钱,56
球球大作战,52
开,52
合成,51
账号,49
皮肤,49
真的,47
充钱,46
网络,46
东西,44
挂机,42
请,41
逼,41
显示,40
玩家,40
手机号,39
没到账,38
买,38
会员,36
活动,35
拼图,35
棒棒糖,34
骗,33
体验,33
宝箱,32
密码,32
人机,31
卡顿,31
中,31
封,30
坑,30
段位,30
未到账,30
傻逼,30
谢谢,30
垃圾游戏,29
团战,29
每次,29
找,29
孢子,29
尼玛,29
退游,29
里,28
解决,27
垃圾,27
为啥,27
申诉,26
换,26
礼物,25
不想,25
操,25
明明,25
不给,25
有人,25
妈,24
骂人,24
成功,24
到账,24
合作,24
留言,24
奖励,23
我要,23
绑定,23
手机,23
模式,23
双冠,23
不到,22
系统,22
直升机,22
影响,22
建议,22
全是,21
充,21
改,21
头像,20
购买,20
时间,20
骂,20
搞,19
充了,19
信誉,19
怎么玩,19
航线,19
球,19
注销,19
太卡,18
礼包,18
包,18
不让,18
荣耀,18
星云,18
点,18
帮,18
掉,18
麻烦,17
老子,17
狗,17
什么意思,17
你好,17
照片,17
ID,17
忘了,17
30,17
倒闭,17
忘记,16
快点,16
客服,16
一点,16
服务器,16
投诉,16
观战,16
送,16
太,16
我充,15
回来,15
星,15
月,15
超神,15
球球号,15
bug,15
死,15
越来越,15
封号,15
老玩家,15
请问,15
退,15
求,15
有问题,14
做,14
回复,14
情况,14
不见,14
完,14
退款,14
生存,14
好友,14
网卡,14
两个,14
我操,13
邮箱,13
好多,13
真,13
不好,13
扣,13
玩球,13
几个,13
这是,13
功能,13
积分,13
领取,13
机制,13
弄,13
怎么回事,13
发,13
修复,13
分,12
不会玩,12
藏宝,12
铁匠铺,12
审核,12
心情,12
登录,12
小学生,12
玩游戏,12
几次,12
刺,12
道具,12
语音,12
太坑,12
球宝,12
池,11
没用,11
服,11
聚宝,11
月卡,11
本来,11
刷,11
菜,11
帐,11
差,11
礼盒,11
办法,11
反馈,11
蘑菇,11
200,10
解封,10
艹,10
日,10
解释,10
魔王,10
自选,10
骗子,10
挂,10
找回,10
喜欢,10
提示,10
爆刺,10
没法,10
他妈,10
晚上,10
开启,10
这么卡,10
卸载,10
支付,10
腊鸡,10
锦标赛,10
兑换,10
电话,10
感觉,10
地方,9
巨人,9
值,9
第一,9
少,9
打不开,9
小时,9
令,9
草泥马,9
心态,9
大奖赛,9
我开,9
恶心,9
大乱斗,9
不充,9
12,9
自动,9
他妈的,9
技术,9
回,9
巨行星,9
不用,9
吃,9
10,9
上传,8
天天,8
曹,8
卡死了,8
发现,8
id,8
不到账,8
不行,8
延迟,8
代挂,8
时,8
加速器,8
一卡,8
流量,8
二级,8
狍子,8
答复,8
很卡,8
合,8
天梯,8
房间,8
大逃杀,8
商店,8
厉害,8
无语,8
一把,8
圣衣,8
这么久,8
玩个,8
求求,8
100,8
删了,8
优化,8
魔盒,8
赛,8
局,8
惩罚,8
领,8
不玩,8
星际,8
猎魔,7
什么游戏,7
赠送,7
68,7
现象,7
王者,7
难受,7
单人,7
送球,7
葑,7
魔法,7
核实,7
飞机,7
一局,7
一群,7
时刻,7
月卡会员,7
辱骂,7
精彩,7
退出,7
绑,7
导致,7
赏金,7
升,7
榜,7
上次,7
团队,7
tmd,7
每日,7
想要,7
巨型,7
年,7
拉,7
掉线,7
注册,7
火箭,7
设置,7
对手,7
被盗,7
够,7
无缘无故,7
等级,7
收到,7
比赛,7
卡死,7
年卡,7
打游戏,7
袍子,7
什么鬼,7
高,7
改进,7
帮忙,6
申请,6
成,6
登陆,6
几天,6
微信,6
典藏,6
公平,6
记录,6
摇杆,6
失败,6
爹,6
用户名,6
未来,6
举报人,6
违规,6
广告,6
这款,6
奇妙,6
问,6
按钮,6
点数,6
扎,6
有病,6
补偿,6
星球,6
段,6
行,6
朋友,6
恢复,6
倒,6
大神,6
请求,6
失望,6
名字,6
700,6
昨天,6
30元,6
两次,6
永久,6
多久,6
逃杀,6
邀请,6
好卡,6
加,6
一颗,6
人工,6
退钱,6
样子,6
密玛,6
关键词,6
妈的,6
320,6
饫,6
关键,6
辰,6
视频,6
有毒,6
恶意,6
那种,6
爸爸,6
进不去,6
操作,6
屋,6
参加,6
钥匙,6
多个,5
严肃处理,5
绝版,5
一堆,5
自由模式,5
赶紧,5
续费,5
有个,5
三个,5
用不了,5
签到,5
极差,5
特别,5
主力舰,5
明查,5
雪飞,5
背包,5
只能,5
不可以,5
我用,5
狗东西,5
能量,5
花,5
永远,5
卡到,5
账号密码,5
炸,5
分身,5
一个月,5
苹果,5
福袋,5
128元,5
小龙女,5
看不见,5
几把,5
爆,5
开心,5
盗,5
邓然,5
原因,5
卡爆,5
告诉,5
未成年人,5
开通,5
麻痹,5
闪退,5
帐号,5
重复,5
查看,5
作弊,5
打开,5
刚刚,5
手机号码,5
不玩了,5
验证,5
首充,5
人员,5
还给,5
低,5
一级,5
高级,5
算了,5
光环,5
关闭,5
旁边,5
物品,5
要死,5
连续,5
扣除,5
改绑,5
派对,5
领不了,5
码,5
未,5
糖果,5
改善,5
变,5
一键,5
一元,5
新手,5
故事,5
获取,5
只会,5
像框,5
做出,5
脏话,5
礼拜,4
稳定,4
帮帮我,4
网,4
辛辛苦苦,4
演员,4
急,4
气死,4
nm,4
我会,4
啥意思,4
想着,4
2000,4
严惩,4
好好,4
退回,4
50,4
QQ,4
六块钱,4
坑钱,4
粉丝,4
留,4
青铜,4
受不了,4
糸,4
关键时刻,4
开发,4
材料,4
哥哥,4
久,4
新,4
条件,4
气死我了,4
超大宝箱,4
自建房,4
频道,4
秘境,4
推荐,4
卡住,4
组队,4
300,4
返还,4
总,4
磨菇,4
5000,4
吞,4
留言板,4
游戏卡,4
牛,4
七天,4
下架,4
观看,4
小孩子,4
没到,4
qq,4
明天,4
看不到,4
关注,4
符合,4
得不到,4
次,4
没人,4
解除,4
变小,4
信息,4
在线,4
辣鸡,4
lj,4
送礼物,4
支持,4
嘈,4
结束,4
运气,4
收不到,4
卡成,4
490,4
公平性,4
玩意,4
早点,4
内容,4
更新,4
打个,4
是因为,4
cnm,4
很烦,4
我想,4
坑人,4
敌人,4
字,4
改名卡,4
海底,4
交易,4
我花,4
第一名,4
氪金,4
额,4
测试,4
平民,4
确认,4
短信,4
实在,4
可不可以,4
多钱,4
没充,4
快速,4
言,4
敷衍,4
干什么,4
箱子,4
黑,4
安排,4
laji,4
赚钱,4
扣分,4
扣费,4
害,4
老卡,4
骗钱,4
图签,4
砸,4
赔偿,4
黄金,3
卡卡,3
上线,3
暗煤袋主力舰,3
没升段,3
消息,3
解锁,3
省钱,3
毛病,3
原地,3
大师,3
红,3
集齐,3
狗日,3
欺负,3
反正,3
不卡,3
喷子,3
管管,3
成年人,3
大闹天宫,3
68元,3
暗煤,3
点击,3
反复,3
病,3
慢,3
网上,3
崩,3
前,3
进,3
利用,3
提高,3
全,3
追回,3
气,3
cn,3
想充,3
智障,3
对友,3
信号,3
级,3
回答,3
扣款,3
未成年,3
超级,3
屏蔽,3
复活,3
连接,3
丢,3
500,3
金额,3
1000,3
声音,3
果冻,3
统,3
不动,3
不知,3
b,3
给予,3
风险,3
身,3
改名,3
充值卡,3
解决问题,3
醉,3
先,3
五个,3
妹,3
发个,3
早日,3
增加,3
三天,3
剩下,3
停服,3
取消,3
太低,3
退回来,3
一到,3
消极,3
在意,3
猫,3
多人,3
下载,3
太慢,3
9元,3
场,3
管理员,3
流星雨,3
撤回,3
平台,3
删,3
太多,3
骗人,3
上学,3
世界,3
策划,3
没人管,3
好几个,3
就行,3
打团,3
体积,3
600,3
遇见,3
图片,3
弟弟,3
战舰,3
互刷,3
有时候,3
草,3
小心,3
随便,3
理解,3
爱,3
币,3
交代,3
每局,3
查询,3
退邮,3
流畅,3
屁,3
超过,3
您好,3
这人盗,3
返场,3
改不了,3
异常,3
人气,3
抽,3
队,3
tm,3
话,3
美好,3
平衡,3
良心,3
被扣,3
后台,3
侮辱,3
认证,3
用户,3
模糊,3
耽误,3
随机,3
提交,3
两把,3
改改,3
吞噬,3
星期,3
碰到,3
讨厌,3
一张,3
寻宝,3
明白,3
点多,3
多余,3
再充,3
发送,3
赛季,3
花钱,3
改名字,3
求求你,3
多代,3
干,3
500金蘑菇,3
BUG,3
巨星,3
收集,3
升星,3
欺骗,3
新出,3
回事,3
好玩,3
素质,3
行不行,3
奖品,3
水,3
领了,3
实力,3
姐姐,3
修改,3
包子,3
警告,3
😭,3
领到,3
升级,3
能用,3
交换,3
等待,3
公司,3
出个,3
悬赏,3
解绑,3
付款,3
听,3
玩起来,3
十几个,3
一批,3
玩不了,3
数,3
大比拼,3
顿,3
双冠模式,3
只领,3
诚信,3
骗取,3
原,3
人数,3
差点,3
可爱,3
卖,3
钱充,3
TM,3
超大,3
傻,3
战队,3
放入,3
号码,3
评估,3
市,2
豪华,2
比刺,2
进阶,2
煤袋,2
完善,2
马勒,2
破,2
24,2
舍不得,2
开学,2
s,2
打出,2
过分,2
488,2
提醒,2
上限,2
打球,2
打字,2
多到,2
人性化,2
懂吗,2
滚,2
扣钱,2
陪你到,2
以经,2
波拉哩财神,2
单号,2
界面,2
莫名其妙,2
拜托,2
季卡会员,2
鸡巴,2
错,2
每周,2
功夫,2
头,2
改成,2
半个,2
凌晨,2
小红花,2
算,2
局内,2
开不起,2
跑车,2
问问,2
用钱,2
环境,2
md,2
回忆,2
游戏音乐,2
吐,2
没收,2
卡得,2
冲个,2
专属,2
诅咒,2
文明,2
攒,2
四年,2
好奇心,2
烦,2
吃屎,2
认认真真,2
渣,2
mlgb,2
卡退,2
亲爱,2
聊天,2
崽,2
128,2
慢汁,2
规则,2
三角,2
越修,2
放屁,2
648,2
偷钱,2
满格,2
fw,2
付钱,2
手,2
记得,2
队伍,2
有意思,2
小孩,2
剩,2
主,2
退还,2
着急,2
动都动,2
脑袋,2
处罚,2
意见,2
配有,2
秒,2
打击,2
事,2
几百块,2
2020,2
暗,2
蹦迪,2
页面,2
放,2
排名,2
渠道,2
再见,2
收藏,2
极限,2
购,2
一会,2
猎,2
竞赛,2
妞儿,2
点错,2
星空,2
公布,2
很大,2
不升段,2
动,2
沙币,2
莫名,2
理由,2
地区,2
控制,2
诶,2
炫光,2
货,2
胡,2
一直卡,2
搞不懂,2
40,2
改变,2
bob,2
箱,2
急急,2
误封,2
藏宝图,2
赢,2
5199988,2
太大,2
天,2
T,2
我配,2
抢球,2
极品,2
地理位置,2
稀有,2
好不好,2
一分,2
M1,2
方法,2
我求,2
不错,2
祝,2
没开,2
长期,2
作战,2
楼,2
学校,2
多出,2
糖豆,2
改一改,2
结算,2
有没有,2
咋整,2
一遍,2
难,2
nmsl,2
正,2
优惠,2
nb,2
气愤,2
白房,2
不出,2
往左边,2
球宝盗,2
接受,2
查,2
艺术家,2
ldAJ,2
没领,2
就让,2
13,2
金,2
低于,2
问下,2
非法,2
全家,2
忙,2
未到,2
爸,2
茶,2
粮票,2
送礼,2
家,2
卡白房,2
杰杰,2
擦,2
宝藏,2
成就,2
g,2
能力,2
更改,2
QQ号,2
寻找,2
财神,2
改良,2
予以,2
大人,2
彩豆,2
水晶,2
开房间,2
怀着,2
显示文件,2
挺,2
几百个,2
改正,2
白银,2
最低,2
特效,2
加点,2
占,2
越卡,2
卡团战,2
盗号,2
抽取,2
隐身,2
整天,2
没完,2
尽力,2
冰冰,2
忠实,2
单逃,2
小屁孩,2
未收到,2
说话,2
特,2
越,2
分钟,2
烦死,2
禁止,2
求解,2
懂,2
骗走,2
小朋友,2
团,2
上星,2
争夺战,2
逗我,2
技战室,2
代打,2
虚拟,2
缺,2
期待,2
直播,2
正义,2
12元,2
关,2
开到,2
300元,2
真无语,2
污言秽语,2
打赢,2
手残开,2
上个月,2
一百个,2
昨天晚上,2
代,2
水族馆,2
删除,2
佩奇,2
发给,2
是什么垃圾,2
团代,2
一打,2
加油,2
忽悠,2
和谐,2
窑子,2
抹,2
干嘛,2
484k,2
图,2
破坏,2
礼品,2
毁,2
屏幕,2
群,2
没什么,2
不上,2
免费,2
损失,2
五排,2
无所谓,2
煞笔,2
最新,2
单排,2
抽到,2
找到,2
直升飞机,2
解说,2
能改,2
渣渣,2
重视,2
块钱,2
假,2
打广告,2
代刷,2
证据,2
更换,2
show,2
其他人,2
准确,2
卖掉,2
一玩,2
承认,2
创建,2
票,2
登上,2
屎,2
战争,2
富,2
打过,2
走,2
制裁,2
激活,2
宇宙币,2
第一个,2
迟迟,2
提个,2
开出,2
侧胀,2
记忆,2
两天,2
次次,2
王,2
1204,2
青春,2
判断,2
我过,2
wtm,2
以有,2
身份证号,2
占用,2
清零,2
努力,2
困扰,2
一段时间,2
填写,2
钱扣,2
我加,2
丢失,2
早就,2
满意,2
崩溃,2
更好,2
120,2
库库巴,2
压,2
60,2
不升,2
春日,2
成都,2
不火,2
戈壁,2
有太多,2
诈骗,2
4g,2
钻石,2
学,2
明星,2
一下一下,2
差评,2
截,2
6元,2
万,2
咯,2
飞船,2
吐球,2
减少,2
伤心,2
整局,2
外挂,2
废物,2
验证码,2
25元,2
39,2
月度,2
时不时,2
不加,2
1元,2
越来越少,2
惊喜,2
保护,2
第一次,2
怀疑,2
百度,2
留住,2
纸条,2
看不起,2
技能,2
吞过,2
吸食,2
几率,2
商城,2
q,2
均衡,2
竞速,2
查查,2
检测,2
屋里,2
10.05,2
修,2
30r,2
登,2
360,2
早上,2
飞,2
这位,2
此号,2
刷新,2
单刷,2
实名,2
扣了我,2
脑子,2
据点,2
倍数,2
此人,2
压住,2
感到,2
需,2
回归,2
打电话,2
区别,2
没问题,2
相比,1
怎陌,1
放到,1
二十天,1
萌新,1
换成,1
二维码,1
玛,1
iOS,1
五颗星,1
宁静,1
1838274733,1
求快,1
代练代,1
弄错,1
豁,1
不病,1
暗黑,1
信用卡,1
刺不爆,1
科技人员,1
平白,1
空号,1
出现异常,1
大赛,1
心坏,1
深,1
官,1
延长,1
心酸,1
轶洁,1
小唐,1
重登,1
丧葬费,1
狗游戏,1
商,1
压根,1
奢求,1
名为,1
完钱,1
等于,1
划算,1
这能,1
去过,1
求换,1
还好,1
太累,1
接码,1
有余,1
发留言,1
我拉出,1
RMB,1
刷段,1
珍藏,1
活波,1
偷,1
最新版,1
黄金拉力赛,1
幻想,1
我妈,1
真牛,1
信,1
永远都是,1
秀场,1
队长,1
一组,1
原石,1
生太坑,1
邮,1
649444484,1
弹出来,1
刚刚开始,1
感都,1
高个,1
差差,1
途游,1
测,1
年轻,1
劣质,1
威胁,1
表达,1
微凉,1
惊呆了,1
无数,1
刺服,1
妹球球,1
冲天,1
中午,1
傻得,1
宝殿,1
心,1
说法,1
坑输,1
十五,1
一崩,1
进度,1
洛洛洛,1
暴都,1
女,1
mei,1
七十个,1
跳,1
伊人,1
快崩,1
建词,1
误,1
手机充值卡,1
互换,1
味道,1
免,1
下流,1
跳来跳去,1
降低,1
卡房,1
软件,1
口吐,1
字幕,1
里边,1
拼,1
里发,1
有种,1
冲完,1
天生,1
两星,1
宝贝,1
1200,1
主策,1
顾,1
炸弹,1
弱智,1
首冲,1
八分,1
反思,1
唯美,1
波拉,1
难看,1
复制,1
网速,1
狗尾巴草,1
魔能,1
重新安装,1
人格,1
小时候,1
沒到,1
多词,1
算不算,1
mlb,1
没上,1
十点,1
自创,1
接触,1
坑里,1
形象,1
人心,1
A7,1
透露,1
就诉,1
发生争执,1
环境异常,1
485438655,1
感谢,1
公告,1
小小,1
人想,1
东东,1
通話,1
该卡,1
逼样,1
登入,1
啥币,1
15076332767,1
认,1
好歹,1
快乐,1
疯,1
小小的,1
奶凶辰辰,1
摸黑,1
壁,1
统死蝶,1
相片,1
哪里找,1
里领,1
到达,1
会卡,1
形式,1
ld,1
邪恶,1
得来,1
连星,1
人炸,1
千百回,1
11660019,1
乱扣,1
18580254902,1
母体,1
服务中心,1
請,1
发言,1
分成,1
房全,1
机会,1
力害,1
2502,1
逍遥法外,1
主播,1
同音字,1
厂,1
我太难了,1
自由,1
我发,1
大宝,1
效率,1
么么哒,1
小型,1
升段,1
聚宝盆,1
四月,1
价值,1
每天晚上,1
赚取,1
688,1
层出不穷,1
玩不起,1
不该,1
这球球,1
13462636070,1
强烈要求,1
说开,1
神秀,1
我试,1
送达,1
上当受骗,1
太小,1
狼少,1
应有,1
营造,1
手段,1
140000金蘑菇,1
👐,1
瓶子,1
上不去,1
头末,1
19,1
颜色,1
麻德,1
信不信,1
保存,1
他太坑,1
两百个,1
性别歧视,1
月初,1
星团,1
私信,1
灵敏度,1
能换个,1
第四,1
领不上,1
睁开,1
水星游乐场,1
品质,1
多彩,1
13771507077,1
彩虹,1
wdnmd,1
很久,1
人用,1
管一管,1
灯辉,1
已有,1
十根,1
花式,1
纯净,1
上千,1
主力,1
一大堆,1
末,1
超跑,1
云,1
心寒,1
不负责任,1
盛行,1
丨,1
按键,1
xr,1
长时间,1
左上角,1
上一次,1
几十个,1
以防,1
头框,1
来电,1
恐惧心理,1
直购专区,1
双人,1
4000,1
取关,1
一压,1
白卡,1
1565941698,1
16186938,1
多星,1
算法,1
不买,1
眼睛,1
P,1
发快,1
全变,1
五年,1
喝酒,1
右上角,1
延时,1
人退,1
快成,1
像是,1
没次,1
商场,1
被子,1
不看,1
多充,1
🌺,1
百,1
受害,1
浪费,1
一多人,1
发动,1
就行了,1
往球球,1
区别对待,1
俩个,1
慢死,1
破游戏,1
绳之以法,1
帮主,1
不强,1
卡片,1
记住,1
点好,1
不升星,1
分分,1
颗,1
重置,1
重庆,1
一千五百多,1
不封,1
扎红刺,1
哭,1
圣,1
羔羊,1
上当,1
玩装,1
17061459719,1
仓儿,1
尝试,1
肚子,1
一顿,1
只顾,1
开放,1
谩骂,1
1200金蘑菇,1
涩,1
3124,1
三百个,1
80,1
小花,1
rmb,1
物资,1
無故,1
TMD,1
生成,1
本事,1
下午,1
测涨,1
tv,1
这会,1
实名认证,1
帮下,1
金箍,1
顶部,1
16,1
那号,1
嗨,1
球包,1
取到,1
就别,1
童年,1
干净,1
我头,1
胡说,1
猖狂,1
分辨率,1
多人刷,1
一名,1
咋玩,1
能带,1
事情,1
尊重,1
没人敢,1
局是,1
制止,1
灵头,1
我个,1
〇,1
点麦,1
先刷,1
素材,1
後,1
气死人,1
F9F900,1
沙碧球球,1
远古极光,1
亿,1
主题,1
走来走去,1
最早,1
这不坑,1
特卡,1
一月,1
简单,1
两局,1
十个,1
如果说,1
有代挂,1
吖,1
杨,1
网站,1
键盘,1
两队,1
我卡,1
星灵头,1
边玩,1
1576381106,1
间里,1
喊爸,1
样,1
小傲,1
十一个,1
弄不好,1
17052630951,1
限度,1
这队,1
分就会,1
帮帮忙,1
拿的出手,1
狼角,1
44731111,1
服申,1
好像,1
夺宝,1
那行,1
真服了,1
伤害,1
祖宗,1
居多,1
♓,1
核查,1
反驳,1
花钱买,1
两部,1
经验值,1
发卡,1
发生冲突,1
加载,1
我心,1
别老是,1
com,1
沙壁,1
死妈,1
球宝们,1
qq123456,1
铁废,1
默默,1
兴奋,1
᷄,1
徐先生,1
换网,1
接收,1
玩毛,1
出不来,1
1500,1
11,1
长大,1
407,1
苦苦,1
父亲,1
没局,1
版,1
大乱,1
零分,1
加星,1
乱搞,1
一分钱,1
管理模式,1
安装包,1
妹妹,1
收回,1
星斗,1
半年,1
搜集,1
制杖,1
申冤,1
太贵,1
别老,1
走光,1
爱玩,1
出口,1
有钱,1
虐狗,1
嚴重,1
你别,1
水滴,1
si,1
拼手速,1
最少,1
链接,1
体内,1
微博,1
开完,1
禁忌,1
龙,1
亏损,1
手速,1
腊几,1
小伙伴,1
一眼,1
大爷,1
相符,1
跑,1
紫色,1
傻狗,1
不灵,1
500元,1
面额,1
很难,1
体,1
端,1
一大批,1
经营,1
加大,1
5V5,1
怎么弄,1
承办,1
卡網,1
嘴上,1
只升,1
空空如也,1
张口,1
有木有,1
人取,1
冤枉,1
爷无语,1
成球,1
整体,1
31,1
鬼呀,1
岛,1
爆红,1
G,1
利益,1
恳求,1
提升,1
审了,1
找人要,1
610425198802281799,1
成不了,1
雨,1
灭亡,1
统是,1
卡出,1
凌霄,1
a,1
兄弟,1
神马,1
摔坏,1
可恶,1
批图,1
截图,1
甘肃省,1
好长时间,1
30rmb,1
点时,1
嫌,1
参与,1
分会,1
球宝用,1
传不上,1
画字,1
B4,1
拒绝,1
送护盾,1
气来,1
2697153772,1
爆炸,1
首充免,1
50vs50,1
忍耐,1
血汗钱,1
黑心,1
装,1
打到,1
wv,1
哪去,1
用星,1
面子,1
app,1
老实人,1
次得,1
看吧,1
图包,1
货币,1
完毕,1
菜狗加,1
一半,1
给出,1
这样的话,1
搞错,1
舒适,1
皮,1
竟速,1
不高,1
重发,1
九十多,1
神游,1
交换条件,1
黑市,1
反省,1
迷雾,1
魔灵,1
对刚,1
音效,1
带来,1
严查,1
不合理,1
搭,1
甘心,1
牌,1
竟是,1
火,1
造谣,1
v8,1
疫情,1
淘,1
助功,1
玩成,1
同时在线,1
几件,1
将来,1
肺炎,1
两下,1
重,1
大刺,1
四川,1
太差,1
wap,1
WiFi,1
踢,1
行星,1
一号,1
15811270910,1
刨子,1
禁赛,1
掰,1
刘松,1
22228974,1
一块钱,1
神来之笔,1
转变成,1
乐色,1
我于,1
运营商,1
共建,1
坨,1
pi,1
倍速,1
办理,1
3900金蘑菇,1
分低,1
急速,1
青葱,1
大退,1
30.6,1
过程,1
我选,1
来点,1
隔,1
钱没了,1
祝你们,1
或者说,1
型,1
闭,1
陨石,1
不长,1
操死,1
忍,1
冲钱,1
稳稳,1
45,1
敬请期待,1
太多人,1
光删,1
实查,1
措施,1
亮度,1
截屏,1
一格,1
我想你了,1
怎么着,1
比狗,1
你们好,1
密码找回,1
弹出,1
Tmd,1
弹,1
告,1
植入,1
踢来踢去,1
に,1
妖魔鬼怪,1
这刺,1
死不要脸,1
恶俗,1
很会,1
占领,1
拍掉,1
清晰,1
净,1
快透,1
路线,1
拥有,1
主页,1
财务,1
污蔑,1
调查,1
150,1
福利,1
流光之影,1
性别,1
内部,1
出台,1
我代挂,1
想吐槽,1
逃生,1
流星,1
公道,1
加个,1
扣水,1
想个办法,1
光年,1
少将,1
杂交,1
萝卜,1
五百,1
换金,1
死亡,1
张卡,1
沟通,1
㊫,1
战,1
任意,1
懂得,1
重连,1
三十分,1
琦,1
采取措施,1
提,1
断网,1
岗,1
万金,1
局以,1
刚试,1
好运,1
中心,1
好痒,1
讲话,1
中后期,1
秋风,1
受气,1
对话,1
补球,1
成品,1
少刷,1
点赞,1
互关,1
多多指教,1
草拟,1
我点,1
忒,1
停电,1
上球,1
养刺,1
三年,1
看着办,1
真他妈,1
一辆,1
第二名,1
真差,1
杆,1
各路,1
一大群,1
54188,1
卡不说,1
隔壁,1
杀马特,1
祝球球,1
一个个,1
好不容易,1
依然,1
马,1
不扣,1
闹钟,1
七八遍,1
很久没,1
确,1
涉嫌,1
放弃,1
水族,1
退位,1
龙少,1
这特,1
微,1
稍后,1
玩请,1
发热,1
代练,1
有待,1
两三个,1
魔,1
一飞冲天,1
性质,1
文件,1
订模,1
不受,1
职在,1
套,1
密,1
割舍,1
82,1
送求,1
下雨,1
加码,1
不能不要,1
钱用,1
祖坟,1
早冲,1
私,1
二天,1
卡了一下,1
車,1
十段,1
玩法,1
妈妈,1
快炸,1
没意思,1
删掉,1
变俩,1
过充,1
关系,1
已满,1
人会,1
特殊符号,1
变得,1
背景,1
15674623338,1
服在,1
活下去,1
信心,1
充上,1
变化,1
松,1
整人,1
女朋友,1
听见,1
2990,1
低级,1
huang,1
随意,1
付之东流,1
狠,1
斗,1
我扣,1
WIFI,1
特玛,1
48,1
自称,1
超大钥匙,1
感受,1
三万多,1
跪,1
涉,1
手游,1
拿来,1
手机卡,1
ss,1
140,1
制度,1
星辰,1
个会,1
第六,1
∴,1
带宽,1
我爸,1
之匙,1
不正常,1
拨打,1
态度,1
21,1
快捷,1
很着急,1
同意,1
乱放,1
份,1
青蛙,1
卡飞,1
先进,1
过机,1
Hh,1
我彩豆,1
总换,1
非常感谢,1
几遍,1
和平,1
子,1
牛逼设,1
收号,1
傻队,1
現場,1
相关,1
输,1
SB,1
大哥,1
天境,1
牌子,1
我合,1
两百,1
穷,1
语,1
撒,1
七关,1
为球球,1
️,1
5369888,1
虎牙,1
图是,1
群里,1
加一点,1
̥,1
善解人意,1
体重,1
复活卡,1
乱,1
输错,1
散,1
端口,1
让玩家,1
激光,1
速度,1
改了,1
管关,1
5586,1
球会,1
2500,1
仓库,1
买不到,1
法庭,1
鸡,1
20元,1
运营,1
心理,1
途中,1
hgu,1
㊋,1
兼容,1
c,1
早晚,1
学到,1
买来,1
不法分子,1
公正性,1
の,1
归还,1
废,1
一扎次,1
萌星,1
10.04,1
不能取消,1
每坑,1
杂种,1
欲,1
受,1
色,1
他理,1
计星,1
凝望,1
感想,1
奖杯,1
前八升,1
赚,1
遇上,1
封后,1
亡灵,1
比拼,1
第二次,1
感,1
卡先,1
看着,1
每隔,1
说会,1
识别,1
再购,1
五十个,1
哈麻批,1
细微,1
花个,1
爱心,1
分是,1
2210330763,1
超神后,1
几千个,1
挨,1
祥和,1
发出,1
幸运星,1
舔,1
1块,1
多一点,1
暂存,1
开不出,1
满级,1
豆,1
没给,1
清风,1
总让,1
告上,1
没出,1
管方,1
那差,1
盒子,1
6块,1
不理,1
遍,1
孩子,1
能换,1
汉字,1
教训,1
欲望,1
吃掉,1
多坑,1
打得,1
麦坏,1
法,1
男生,1
巅峰之证,1
版上,1
吸,1
还吞,1
近亲,1
充个,1
二十,1
两分钟,1
那人盗,1
网盒,1
市级,1
3v3,1
cnmdgfnmsl,1
访客,1
爆率,1
440012,1
神游中,1
吃饱,1
分解,1
两千多,1
十几次,1
求助,1
进化,1
这卡,1
断线,1
讲究,1
拉圾,1
远征,1
一换,1
处,1
浪风家,1
手点,1
惹,1
陪同,1
不炸,1
不灵敏,1
耳闻,1
核体,1
对不起,1
信任,1
金色,1
昂,1
包红刺,1
技巧,1
换不掉,1
47,1
冒险,1
波,1
飞行棋,1
之内,1
龙蛋,1
图当,1
做做,1
有用吗,1
17099937325,1
加以控制,1
手抖,1
路由器,1
心累,1
730,1
步行街,1
别墅,1
刚用,1
相太,1
张,1
签名,1
牛魔王,1
安卓,1
区,1
Q,1
看球球,1
别跟我,1
家长,1
他妈分,1
玩过,1
水平,1
奇渊阁,1
赛要,1
七彩,1
五分钟,1
程序员,1
面能,1
能出,1
合球期,1
第三方,1
一个点,1
封榜,1
909282,1
baby,1
举报者,1
看运气,1
冲进去,1
⁍,1
慌,1
却是,1
分配,1
艾斯,1
一个劲,1
755555328,1
推广,1
拉成,1
三局,1
那合,1
要待,1
用语,1
老师,1
弄个,1
放慢,1
正经,1
有会,1
质量,1
陕西,1
发过,1
几十次,1
连掉,1
路口,1
快赢了,1
靠着,1
画面,1
送给,1
封闭,1
干啥,1
陪伴着,1
大数,1
线,1
搭理,1
券,1
MVP,1
哥们,1
达到目标,1
不计其数,1
练技,1
字会,1
妈别,1
当晚,1
单局,1
算是,1
好想哭,1
登不上,1
块,1
人里,1
小钱,1
严厉,1
🌻,1
闭关,1
一步到位,1
库里,1
强制执行,1
人民币,1
B,1
方向键,1
vxl,1
重开,1
错误,1
要查,1
特么,1
为所欲为,1
开发票,1
估好,1
好看,1
往右边,1
努比,1
签,1
卖批,1
15059070780,1
只封,1
咂不出,1
头头,1
不给解决,1
太空罐头,1
我加星,1
高点,1
留下,1
C,1
差别,1
词语,1
A13,1
便捷,1
姓名,1
描述,1
狗屁,1
强力,1
渐渐,1
分才,1
淘汰,1
想领,1
没卖,1
切换,1
点会,1
任人宰割,1
主动,1
图拼,1
呜呜,1
当天,1
一比,1
ij,1
没管,1
图二,1
多刷段,1
人封,1
填补,1
两人,1
打团战,1
刷屏,1
自动检测,1
小吃,1
架,1
护盾,1
不吭声,1
太多带,1
详细,1
萝莉,1
世界杯,1
魔晶导,1
名叫,1
顶尖,1
力量,1
禁词,1
刷红刺,1
3MVP,1
怜月,1
花屏,1
nb1314,1
刷级,1
足,1
能不卡,1
不使,1
管理,1
冲过,1
十次,1
三次,1
如图,1
红包,1
用心,1
弄好,1
付费,1
http,1
cp,1
有多卡,1
无比,1
权限,1
充能,1
25m,1
糖,1
想改,1
能冲,1
人太多,1
会误,1
肮脏,1
能卡到,1
人真多,1
官网,1
老卡刚,1
三百,1
摘星,1
阶,1
稀翼,1
迷你,1
15888349140,1
一种,1
suns,1
付出代价,1
常用,1
主持人,1
瘠薄,1
机器人,1
不良信息,1
对换,1
暂时,1
会出,1
红刺,1
降,1
磨盘,1
辅助,1
18289104265466914,1
添加,1
包含,1
真烦,1
停机,1
扣过去,1
真想,1
后能,1
复活增重,1
搞不定,1
290,1
测式,1
九分,1
贼,1
度,1
评论,1
一宝池,1
变红,1
金币,1
害得,1
堂堂,1
重点,1
漫骂,1
给钱,1
正确,1
飞球,1
三五分钟,1
He,1
可乘之机,1
炸裂,1
回关,1
卡号,1
到时候,1
快到,1
我换,1
我家,1
塑造,1
以送,1
超大奇妙宝箱钥匙,1
弄炸服,1
那片,1
点儿,1
返程票,1
真过,1
好久,1
背,1
卡会,1
隧,1
赐,1
38,1
搁,1
诉苦,1
播下,1
白充,1
628,1
三星,1
再也,1
一道,1
787220339,1
担是,1
星是,1
保住,1
遵守规则,1
热爱,1
里长,1
求过,1
多年,1
屋该,1
不太好,1
肯定,1
关方,1
接,1
惹不起,1
荣誉,1
孙子,1
别有,1
乱出,1
教养,1
全他,1
新冠,1
攒够,1
明,1
原价,1
949NPKlh,1
下充,1
∀,1
外面,1
成功率,1
来呀,1
家教,1
好几十个,1
u,1
jndjnjnsjsn,1
钱到,1
天理,1
光之翼,1
🌀,1
进前,1
抽烟,1
联通,1
人才,1
未必,1
三百块,1
到位,1
分裂,1
经验,1
能动,1
死不承认,1
最终,1
娇,1
拦截,1
没电,1
调到,1
女儿,1
居心,1
bag,1
平等,1
练,1
涉黄,1
中未,1
玩团战,1
出版,1
失误,1
游,1
能领,1
ू,1
联合,1
一周,1
一千多万,1
小星星,1
元,1
气人,1
125,1
电脑,1
坏掉,1
氛围,1
多好,1
阻碍,1
龙粉,1
证明,1
一榜二行,1
没拿到,1
比比皆是,1
打造,1
大礼包,1
看在眼里,1
几秒,1
越改越,1
最美银河系,1
二代,1
第五次,1
几十遍,1
瞎,1
紫色能源,1
麦,1
村子,1
四颗星,1
一下子,1
改回去,1
bin,1
3174,1
传奇,1
燚,1
吞掉,1
往上面,1
包括,1
¥,1
忽视,1
强,1
12466,1
亿人,1
♑,1
那批,1
太菜,1
重进,1
笑话,1
五人斗,1
总数,1
训练营,1
第六次,1
我刷,1
起到,1
传过,1
很凉,1
还装,1
v,1
0.5,1
分球,1
光合,1
34,1
说好,1
脱换,1
啊啊啊,1
乱动,1
球友,1
烦请,1
FW,1
扼制,1
服务,1
2M,1
打太快,1
一百次,1
成脏,1
充不充,1
刚玩,1
没得,1
㊐,1
脚本,1
д,1
七颗,1
hsuhsndjsggwh,1
双管,1
一秒,1
圈外,1
给我发,1
电信,1
💰,1
单机,1
那段,1
后期,1
一段,1
发生,1
儿子,1
播报,1
散球,1
1%,1
一夜之间,1
一块,1
᷅,1
远古,1
֟,1
农民,1
下个月,1
身边,1
几百,1
输入,1
心太黑,1
祸害,1
同路,1
还会,1
怀念,1
早些,1
负数,1
郑重,1
熊逼,1
推出,1
Sb,1
荣誉称号,1
骂谁,1
站着不动,1
十三,1
返厂,1
没升,1
冲到,1
最初,1
龇牙,1
没想到,1
乱发,1
耗电,1
共创,1
坏人,1
今晚,1
3000,1
年前,1
顽童,1
玩儿,1
引擎,1
越来,1
欠,1
大号,1
想冲,1
贪小便宜,1
卡尼妈,1
这群,1
一两个,1
符号,1
狗血淋头,1
玩意儿,1
宝莲灯,1
炸刺,1
扫,1
废寝忘食,1
w,1
训练,1
冲级,1
哪有,1
好意思,1
合球,1
小号,1
力度,1
未结算,1
搞个,1
充满,1
通不过,1
不道德,1
旧,1
停,1
气炸,1
pen,1
精力,1
过得,1
疑似,1
辽,1
用用,1
大娘,1
我服,1
相当于,1
球球加油,1
画廊,1
显示器,1
信用,1
陪,1
腾讯,1
很菜,1
秘玛,1
标准,1
点手,1
放心,1
目测,1
不返,1
Vhdhchc,1
修补,1
礼貌,1
没个,1
王老师,1
富有,1
IT,1
所说,1
ma,1
香领,1
我玩个,1
⊙,1
一个多,1
稍,1
额度,1
人少,1
里加,1
牛批,1
赠,1
劳资,1
卧槽,1
音有,1
恶劣,1
我压,1
变身,1
钓大鱼,1
建老,1
很慢,1
室,1
皮配,1
一句,1
圣殿,1
安宁,1
熊有,1
不扎,1
抱歉,1
那张,1
Id,1
尼嘛,1
gua,1
属实,1
亲请,1
青山,1
推刺,1
正面,1
个福袋,1
无法忍受,1
取名,1
清晰度,1
补,1
减了,1
产品,1
展示,1
偷走,1
之到,1
半天,1
星房,1
CD,1
着实,1
一条,1
失灵,1
卡是,1
30块,1
ne3756,1
无数次,1
触手,1
没理,1
排位,1
英文,1
类似,1
太高,1
一天天,1
环节,1
83,1
能活,1
窗口,1
住,1
知不知道,1
见到,1
好自为之,1
邪,1
是非题,1
方向,1
😱,1
风气,1
解释一下,1
撒币,1
怎样才能,1
自然,1
青烟,1
划,1
全死,1
无耻,1
省,1
球球卡,1
看充,1
卡断,1
不知情,1
好久没,1
♥,1
讨公道,1
听不懂,1
感染,1
蓝,1
太长,1
回到,1
骑马,1
一开,1
ovo,1
作用,1
坏,1
传播,1
堵得,1
220381199806073214,1
化身为,1
吭人,1
芬芳,1
还球球,1
几分钟,1
宝池,1
批量,1
成没成,1
转圈,1
国民,1
卷满,1
文明用语,1
出版局,1
离合,1
删球球,1
出售,1
尊敬,1
六百多,1
放假,1
越做越,1
Bug,1
个信,1
名称,1
測試,1
2055,1
名次,1
别修,1
下文,1
这人,1
人换,1
鬼,1
自行,1
人动,1
😠,1
跳过,1
满足条件,1
十一,1
捶,1
打算,1
累计,1
贫民,1
不良,1
我冲,1
受骗,1
大球,1
真心话,1
之雨,1
数字,1
hi,1
回应,1
多点,1
接到,1
💿,1
款,1
才行,1
青少年,1
得以,1
憨批,1
照样,1
bb,1
坑货,1
做好,1
300块,1
体验性,1
意义,1
学生,1
拼个,1
晋级,1
用脚,1
短短的,1
母爱,1
男,1
价格,1
阁,1
四个,1
人互,1
暗煤袋典藏宝箱,1
翻,1
局场,1
集团,1
第一级,1
我别,1
发育,1
娶,1
赚够,1
交叉,1
诉说,1
语言,1
抵用券,1
sadjdbgjdbjgbdidjhkjlklkjiohu9ighouih,1
手续,1
下线,1
次别,1
没加,1
黑屏,1
不换,1
显得,1
游客,1
没送,1
投诉者,1
缺开,1
我球球,1
🎷,1
购金,1
太坏,1
琴,1
解答,1
撑不下去,1
位置,1
二星,1
数量,1
包老,1
有事,1
